stw_ID,stw_Image_ID,stw_Section_ID,stw_Section_Name,stw_DateAdded,stw_Text,stw_isCurrent,stw_Images
17,INSGGB01,105,Galilee (Jesus) Boat,9/21/2003 11:30:33PM,"<p>In 1986 an ancient boat was discovered along the northwestern shore of the Sea of Galilee. The boat is a unique find measuring 25.5 ft. [8.2 m.] long with a breadth of 7.5 ft. [2.3 m.]. A boat of this size had a crew of five, and could carry about 15 additional persons. It is dated to the first century A.D.</p>
",False,"INSGGB01, INSGGB02, INSGGB06, INSGGB07"
20,INHVDN012,77,Dan,10/5/2003 10:08:26PM,"<p>Dan is the name of a town mentioned 27 times in the Old Testament. It was located on the northern boundary of Israel and appears in the well&#8211;known phrase ""from Dan to&#160;Beersheba.""</p>
",False,"INHVDNHR11, INHVDN012, INHVDNHR10, INHVDN02, IJIM04"
21,DLPLWH01,154,Wheat,10/9/2003 12:39:59PM,"<p>Wheat was grown throughout the Middle East wherever there was at least 12 inches of rainfall every year.&nbsp; Fields were plowed in the fall, after the early rains, and then sown immediately.&nbsp; The wheat grew during the rainy winter months and was harvested in the late spring/early summer.</p>
",False,"DLPLWH20, DLPLWH01, DLPLWH02, DLPLWH13, DLPLWH04"
23,TEETHN02,67,Haran,10/15/2003 11:17:40PM,<p>Haran (also Harran) is&nbsp;located&nbsp;in southern Turkey 28&nbsp;mi. [45 km.] south-southeast of Sanliurfa - about 56 mi. [90 km.] east of the Euphrates River.&nbsp; It is mentioned 11 times in the Old Testament [Hebrew Bible]. Abram settled here for a period of time on his way from Ur to the Land of Canaan (Genesis 11 and 12). <br /></p>,True,"TEETHN08, TEETHN02, TEETHN17"
32,TWMRISHS03,204,Hagia Sophia,11/30/2003 6:52:03PM,"<p>
	<strong>Istanbul, Turkey</strong>.&nbsp; For close to 1,000 years the Hagia Sophia (&quot;Holy Wisdom&quot;) church was one of the largest and most sacred spaces&nbsp;in Christendom.&nbsp; The current structure was built by Justinian and served as a Christian place of worship until Constantinople was captured by the Turk, Mehmet II on May 29, 1453.</p>
<p>
	Mehmet II immediately turned the building into a mosque and it served as one of the major mosques of Istanbul until the reforms of Atat&uuml;rk.&nbsp; It reopened in 1934 as a museum.</p>
",False,"TWMRISHS52, TWMRISHS02, TWMRISHS12, TWMRISHS13, TWMRISHS40"
33,TWMRISHS11,204,Hagia Sophia,11/30/2003 6:52:04PM,"<p>Istanbul, Turkey.&nbsp; For close to 1,000 years the Hagia Sophia (&quot;Holy Wisdom&quot;) church was one of the largest and most sacred in Christendom.&nbsp; The current structure was built by Justinian and served as a Christian place of worship until Constantinople was captured by the Turk, Mehmet II on May 29, 1453. <br />  </p>
<p>Mehmet II immediately turned the building into a mosque and it served as one of the major mosques of Istanbul until the reforms of Atat&uuml;rk.&nbsp; It reopened in 1934 as a museum.</p>",False,
35,TWNAAS05,55,Assos,12/28/2003 11:05:30PM,"<p align=""left"">Assos (modern <a href=""go.asp?img=TWNAAS15&amp;SiteID=46"" target=""_blank"">Behramkale</a>) is located on the northwestern coast of Turkey on the Aegean Sea.</p>
<p>The apostle Paul, on his third missionary journey, walked from Alexandria Troas to Assos, a distance of about 20 miles. At Assos he joined his companions, who had come from Troas by ship, and together they set sail for Mitylene, Kios, and eventually Miletus (Acts 20:15).</p>
<p><br /></p>",False,"TWNAAS27, TWNAAS05, TWNAAS24, TWNAAS01, TWNAAS18"
37,ISBNBS04,113,Beersheba (Beer Sheva),1/5/2004 3:26:45PM,"<p>The area of Beersheba is mentioned in association with Abraham, Isaac and Jacob. From the period of David onward,&nbsp;Beersheba served as a southern outpost for the Judean kings. Indeed, the ideal boundaries of the land of Israel were &quot;from&nbsp; <a href=""browse.asp?SiteID=70"" target=""_blank"">Dan</a> [in the north] to Beersheba [in the south].&quot; Beersheba is mentioned 34 times in the Bible.</p>
<p><br />Beersheba was the administrative capital of the Negev region.&nbsp; It was strategically placed, for it guarded the road that ran from Transjordan to Gaza on the Mediterranean Coast.&nbsp; It also guarded&nbsp; the route that proceeded from Beersheba&nbsp;into the Hebron area in the Hill Country of Judah.</p>",False,"ISBNBS01, ISBNBS12, ISBNBS04, ISBNBSHR05"
40,GSPLOM09,135,Olympia Museum,,"<p>The museum at Olympia contains &ldquo;world&ndash;class&rdquo; artifacts from the excavations of this Greek site&mdash;first by the French, but especially by the Germans.<a href=""go.asp?s=281"" target=""_blank""><br /></a></p>",False,
41,TWNAPG02,111,Pergamum Acropolis,,"<p align=""left"">Ancient Pergamum (modern Bergama) is located in western Turkey 16.5 mi. [26.5 km.] inland (as the crow flies) from the Aegean Sea.</p>
<p>It is the third city mentioned in the book of Revelation (1:1; 2:12&ndash;17) and the reference to the &quot;throne of Satan&quot; (2:13) has variously been interpreted as&nbsp;<a href=""go.asp?img=TWNAPG12&amp;SiteID=104"">emperor worship</a> (note the Temple of Trajan), the altar of Zeus, or the worship of a plethora of deities at Pergamum (temples to <span style=""text-decoration: underline;""></span><a href=""go.asp?img=TWNAPG06&amp;SiteID=104"">Zeus</a>,&nbsp;<a href=""go.asp?img=TWNAPG11&amp;SiteID=104"">Athena</a>,&nbsp;<a href=""go.asp?img=TWNAPG03&amp;SiteID=104"">Dionysus</a>, <a target=""_blank"" href=""browse.asp?SiteID=102"">Asclepius</a>,&nbsp;<a target=""_blank"" href=""browse.asp?SiteID=105"">Serapis</a>, Demeter, etc. have been found).</p>",False,"TWNAPG30, TWNAPG02, TWNAPG12, TWNAPG20"
44,GSATAC08,241,Parthenon,,"<p>
	Although at certain periods in ancient times the <a href=""go.asp?s=240"" target=""_blank"">Erechtheion</a> was the most important temple on the acropolis, the larger and more prominent Parthenon came to dominate the terrain.</p>
",False,"GSATAC02, GSATACAA01, GSATAC08, GSATAC09"
45,TCSCLY03,57,Lystra,,"<p>Lystra was a place visited by Paul and Barnabas on their first missionary journey (Acts 14:6, 8, 21). There they healed a crippled man. But when the local population tried to worship them as Hermes and Zeus - with <a href=""go.asp?img=TCSCPA14"" target=""_blank"">oxen and garlands</a> (Acts 14:11-13) - they refused the honor.</p>
",False,"TCSCLY02, TCSCLY04, TCSCLY09"
46,INLGNZ01,182,Nazareth,,"<p>Nazareth is located in the very southern portion of lower Galilee, about 16 mi. [25 km.] west of the southern tip of the Sea of Galilee.&nbsp; In Nazareth there are numerous Christian sites the commemorate events associated with Mary, Joseph, and Jesus.<br /></p>",False,"INLGNZ30, INLGNZ16"
50,IJNTHRDR01,318,Dome of the Rock & Central,,"<p>
	The Dome of the Rock was completed about A.D. 691 by the Moslem Umayyad Dynasty which was headquartered in Damascus. It was intended to portray the glories of Islam and to divert pilgrim traffic to Jerusalem - from Mecca and Medina.</p>
",False,"IJNTDR52, IJNTDR55, IJNTDR57, IJHRLO10"
52,TWCSSM04,106,Smyrna,,"<p>
	Smyrna (modern Izmir) is located on a deep sheltered bay of the Aegean Sea. It is located at the end of a very important ancient road which came from the east.</p>
<p>
	By the time of the early church, Smyrna was a center of emperor worship and a very close ally of Rome. It is the second of the seven churches that John addressed in the book of Revelation (1:11; 2:8&ndash;11).&nbsp; John prophesies about the persecution to come, and indeed Polycarp, who was burned for his faith in the stadium at Smyrna, is one of the first Christian martyrs (at the age of 86 in A.D. 156).</p>
",False,"TWCSSM10, TWCSSM02, TWCSSM03, TWCSSM05"
53,TWNATY01,82,Thyatira,,"<p>Thyatira, modern Akhisar, is located 42 mi.&nbsp; inland from the Aegean Sea. It is the fourth of the seven churches addressed by John (Revelation 2:18&ndash;29).</p>
<p>Visible archaeological remains are located in a fenced off rectangular city block. From coins it is evident that guilds of bakers, bronze smiths, wool workers, potters, linen weavers and tanners were active in the city. Such guilds would often hold banquets which included the eating of food offered to idols and participation in immoral sexual acts (cf. Rev. 2:20&ndash;24).</p>",False,
54,TWNAPH03,81,Philadelphia,,"<p>Philadelphia (modern Alashehir) is one of the seven churches that John addressed in the book of Revelation (3:7&ndash;13).&nbsp; It is located about 80 mi. east of Smyrna (Izmir) in western Turkey.<br /></p>
<p>In the ancient sources it was known for housing a number of temples and in A.D. 17 it was destroyed by a devastating earthquake. In Revelation 3:12 the believer who &quot;overcomes&quot; is compared to a pillar (stability) in the temple of God, and on him/it three names will be written &mdash; compare the names inscribed on the columns of the temple of Zeus at <a target=""_blank"" href=""go.asp?img=TWCSEU02&amp;SiteID=73"">Euromos</a>. </p>",False,"TWNAPH01, TWNAPH19, TWNAPH03"
55,TWSCLD18,107,Laodicea,,"<p>Laodicea is a very large mound located to the north of Denizli in Turkey.&nbsp; It is the last of the seven churches addressed in the book of Revelation (1:11; 3:14&ndash;22). In the letter there may be a number of allusions to the local setting of Laodicea: the lukewarm water, riches, gold, white garments, and eye salve!</p>",False,"TWSCLD30, TWSCLD18, TWSCLD01, TWSCLD03"
56,YRMAT01,403,Arch of Titus,,"<p>The Arch of Titus in Rome commemorates&nbsp; the procession that celebrated Titus&rsquo; capture of Jerusalem in A.D. 70.&nbsp; Artifacts taken from the Temple in Jerusalem are depicted-including the <span style=""font-style: italic;"">menorah.</span><br",False,"YRMAT07, YRMAT05, YRMAT01"
57,ICHJHR14,38,Herodium,,"<p align=""left"" class=""Blue"">The Herodium is located 7.5 miles south of Jerusalem. It is about 3.5 miles southeast of Bethlehem.</p>
<p>According to Josephus, a Jewish historian,&nbsp;it served as a palace/fortress for Herod the Great.&nbsp; Herod was buried here in 4 B.C.&nbsp; Later&nbsp;the Herodium&nbsp;served as a base for Jewish rebels during the first (A.D. 66-70) and second (A.D. 132-135) revolts against the Romans.</p>",False,"ICHJHRHH02, ICHJHR08, ICHJHR10"
58,GCTCDLCT01,261,Charioteer,,<p>The &ldquo;charioteer&rdquo; is a life size statue in bronze that was cast about 475 B.C.&nbsp; It was discovered in 1896 near the Temple of Apollo in Delphi Greece.&nbsp; Usually bronze statues such as this were melted down and recycled after they had,False,"GCTCDLCT01, GCTCDLCT02"
59,GIDDPTVS04,369,Views of Island of Patmos,,"<p>Patmos is a Greek island in the Dodecanese group, located about 40 mi. west of the western coast of Turkey.</p>
<p>It was here that John was exiled received the revelation that he wrote about in the New Testament book of Revelation (Rev 1:9). <br /></p>",False,"GIDDPTVS76, GIDDPTVS60, GIDDPTVS07"
60,TWTQMYCH05,188,St. Nicholas Church,,"<p>
	The real(!) home of Santa Claus is in southern TURKEY!&nbsp;&nbsp; Until recently the town was called Kale, but in ancient times Myra.&nbsp; In the town is a church that is associated with Saint Nicholas&mdash;Father Christmas, a.k.a. in northern Europe as Santa Claus!</p>
<p>
	St. Nicholas was born in nearby Patara about A.D. 300 and served as the bishop of Myra later in his life.&nbsp; A number of miracles are attributed to this revered bishop, including his providing a dowry to the three daughters of a local baker.&nbsp; Thus he is associated with &ldquo;gift giving!&rdquo;&nbsp; He was also the patron saint of sailors and was prayed to for protection at sea.</p>
",False,"TWTQMYCH22, TWTQMYCH05, TWTQMYCH20"
61,GISGEG03,79,Aegina,,"<p>The island of Aegina is located in center of the Saronic Gulf about 18.5 mi. [30 km.] west of Piraeus &mdash; the port of Athens.<br /><br />From the seventh through the fifth centuries B.C. its potters, sculptors, and bronze workers were very famous. ",False,"GISGEG03, GISGEG07, GISGEG06"
62,IJNTVD02,114,Via Dolorosa,,"<p>The &quot;Via Dolorosa&quot; means the &quot;way of sorrows&quot; or it is sometimes called the &quot;way of the cross.&quot; It refers to a pilgrim route that begins near the <a href=""go.asp?img=IJNTGW02&amp;SiteID=64"" target=""_blank"">Lion&rsquo;s Gate.</a></p>
",False,"IJNTVD057, IJNTVD056, IJNTVD058, IJNTVDS053"
63,GCTH02,416,Thermopylae,,"<p>
	Thermopylae is located 85 mi. [135 km.] northwest of Athens.&nbsp;&nbsp;There 300 Spartans and 700 Thespians led by Leonidas held off about 300,000 invading Persians&nbsp; in 480 B.C.<br />
	<br />
	The Spartans and Thespians fought valiantly, but eventually all, save two, were killed.</p>
",False,"GCTH21, GCTH13, GCTH02, GCTH24"
64,ICHJHRHT01,418,Herodium - Herod's Tomb,,"<p>On 8 May 2007 the Hebrew University announced that Ehud Netzer had discovered the long sought tomb of Herod the Great at the Herodium that is located 7.5 mi. [12 km.] south of Jerusalem.<br />
<br />
According to the Jewish historian Josephus, Herod the Great was buried here: <em>Wars</em>. 1.33.9 [670-673], <em>Ant</em>. 17.8.3 [196-199].</p>
",False,"ICHJHRHT31, ICHJHRHT66"
65,GSPLCO06,239,Corinth Site,,"<p>The Greek city of Corinth had been (partially) destroyed by the Romans in 146 B.C., but the rebuilding process, as a Roman city, had begun by 44 B.C. In Paul&#39;s day, there may have been 200,000 people living there.</p>

<p>The&nbsp; apostle Paul spent 18 months here on his &quot;Second Journey.&quot;</p>
",False,"GSPLCONW01, GSPLCO06, GSPLCO55"
66,DLCWHS01,417,Transition Seasons (Hamsin),,"<p>In Israel the period from early May to mid&ndash;June and October are transition seasons from the wet winter to the dry summer and from dry back to wet winter.&nbsp;<br />
At times the wind blows in from the desert, rather than from the Mediterranean Sea (from the west), and at those times the humidity drops drastically and the air is filled with a fine dust that permeates everything.</p>
",False,"DLCWHS05, DLCWHS06, DLCWHS01, DLCWHS02"
67,TWTQXN06,190,Xanthos,,"<p>Xanthos is an ancient Lycian city located on a ridge 7.5 mi. inland from the Mediterranean Sea. It was the chief city of Lycia and prospered under Roman Rule&nbsp; as the leading city of Lycia in the Roman Province of Asia.</p>
<p>Xanthos is a well&ndash;preserved site, with Lycian, Hellenistic, Roman, and Byzantine remains&mdash;this in spite of the fact in the mid 19th century Charles Fellows removed many of the most prominent artifacts to England.&nbsp; They are now housed in the British Museum.</p>",False,"TWTQXN07, TWTQXN02, TWTQXN05"
68,ICHJRR02,395,Ramat Rachel,,"<p>Ramat Rachel is a 6-acre site that is located 2.5 mi. south of Jerusalem&mdash;half way to Bethlehem.&nbsp; It is a prominent site from which one can view Jerusalem to the north and <a href=""go.asp?s=104"" target=""_blank"">Bethlehem</a> to the south.<br ",False,"ICHJRR01, IMG_0766, ICHJRR06"
69,TEEETND20,255,Nemrut Dagi,,"<p>The mountain of Nemrut Dagi (in Turkey)&nbsp; has been well&ndash;designated as a &ldquo;World Heritage&rdquo; site by UNESCO.&nbsp; The mountain is 7,050 ft. [2,150 m.] high and is crowned by the worship center and burial tumulus of the Commagene king Antiochus I Epiphanes.<br /></p>",False,"PSTAFF15, TEEETND11, TEEETND15, TEEETND33"
71,TWCSEU11,80,Euromos (Temple of Zeus),,"<p>Euromos is located in southwestern Turkey.&nbsp; The most prominent remain is the very well preserved Temple of Zeus which may have been constructed during the reign of Hadrian (A.D. 117-138).</p>
<p>The infrequently visited site is situated in an olive grove just off the main highway. This may be the best preserved of all of the temples in Turkey with 16 of its original columns still standing.</p>
<p>For information on the possible relationship of this building with Revelation 3:12 <a href=""go.asp?img=TWCSEU02&amp;SiteID=73"">Click Here</a>.</p>",False,"TWCSEU01, TWCSEUO10, TWCSEU11"
72,ISRVTMTP14,428,Temple,,"At the foot of a sandstone rock scarp, Rothenberg discovered the foundations of a temple that had been use by the Egyptians (worshiping Hathor) and afterward by the Midianites.&nbsp; During its Midianite phase (ca. 1150&ndash;1050) it was evidently covere",False,
74,IJNTHSCL31,323,Calvary,,"<p>The Church of the Holy Sepulcher, called the Church of the Resurrection by the Greek Orthodox, is the most sacred space in Christendom.</p>
<p>This area was venerated by Christians in the first century A.D. However, the Roman emperor Hadrian (A.D. 117&ndash;138) turned it into a place of pagan worship. </p>
<p>This area was &quot;rediscovered&quot; and cleared when Constantine's mother, Helena, visited Jerusalem in A.D. 326. By A.D. 335 a Christian Church was built over the area.<br /></p>",False,"IJNTHSCL31, IJNTHSCL33, IJNTHS60"
75,IJNTGT01,46,Garden Tomb,,"<p>This tomb was discovered in 1867, at which time it was proposed that this was the burial place of Jesus, mainly because of its nearness to &quot;<a href=""browse.asp?SiteID=31&amp;ImageID=IJNTGT02"">Gordon's Calvary</a>&quot;.&nbsp; Since that time, some Protestant piety has encouraged this identification, although the wardens of the property (The Garden Tomb Association) stress that it is the resurrection of Jesus, not the issue of finding the exact spot of his burial, that is important.</p>
<p>Inside of the tomb are the partial remains of a burial bench.<br /> </p>
<p>&nbsp;</p>",False,"IJNTGTGT01, IJNTGT08, IJNTGT02, IJNTGTGC01"
76,IJNTGE05,42,Gethsemane,,"<p align=""left"">The Garden of Gethsemane is located east of the Temple Mount, and east of the Kidron Valley, on the lower portion of the western slope of the Mount of Olives.</p>
<p>After his final meal with his disciples, Jesus retired to this garden to pray (Matt 26:30-56; Mark 14:26-52; Luke 22:39-53; John 18:1-12). It was here that the disciples slept while Jesus prayed and it is here that he was captured and led away to be crucified.</p>",False,"IJNTGE02, IJNTGE05, IJNTGE10, IJNTGE04"
77,ISBNBS12,113,Beersheba (Beer Sheva),,"<p>Beersheba was the administrative capital of the Negev region during the Iron Age. <br /> </p>
<p>The area of Beersheba is mentioned in association with Abraham, Isaac and Jacob. Beersheba was allotted to the tribes of Judah and Simeon (Josh 15:15:28; 19:2). From the period of David onward,&nbsp;Beersheba served as a southern outpost for the Judean kings. Indeed, the ideal boundaries of the land of Israel were &quot;from&nbsp;<a href=""browse.asp?SiteID=70"" target=""_blank"">Dan</a> [in the north] to Beersheba [in the south].&quot; Beersheba is mentioned 34 times in the Bible.</p>",False,"ISBNBS01, ISBNBSHR52, ISBNBSHR51, ISBNBS04"
79,IJNTPS03,360,Pool of Siloam,,"<p>In the summer of 2004 Eli Shukrun, Ronny Reich,&nbsp;and John Seligman, who were checking the area southeast of the traditional &ldquo;Pool of Siloam&rdquo; for a public works project, discovered a pool that they date to the first centuries B.C. and A.D.&nbsp; In all probability it is the &ldquo;Pool of Siloam&rdquo; mentioned in John 9:7&mdash;to which Jesus sent a blind man to wash a mud mixture from his eyes.<br /> </p>
<p>This pool is also mentioned in Rabbinic sources in connection with the water rituals associated with the Feast of Tabernacles&mdash; in the fall of the year.</p>",False,"IJNTPS25, IJNTPS02, IJNTPS04, IJNTPS08"
80,YRMNK08,271,Nike Exhibit,,"<p>During 2003&ndash;2004&nbsp;seventy objects related to the history of competitive sport in the ancient world&nbsp;were on display in the Colosseum in Rome. The display&nbsp;was called &ldquo;Nike. Il gioco e la vittoria&rdquo;&nbsp;&nbsp; (Nike, joy and victory)&mdash;it had nothing to do with the shoe company!&nbsp; The following are images from that display.</p>",False,"YRMNK10, YRMNK08, YRMNK04, YRMNK18"
82,TWTQPTLH02,429,Patara Lighthouse,,"<p>A mysterious structure located on the northern edge of the beach and on the western edge of the now <a target=""_blank"" href=""go.asp?img=TWTQPT10"">silted harbor</a> of Patara has been under excavation.&nbsp; This structure has been called a &ldquo;Lighthouse.&rdquo;&nbsp; It is dated to about A.D. 60.<br /></p>
<p>It is claimed by some that this is the '<span style=""font-weight: bold;"">oldest <span style=""text-decoration: underline;"">preserved</span>' lighthouse in the world</span>!</p>
<p>Paul and Luke changed ships at <a target=""_blank"" href=""go.asp?s=189"">Patara</a> as they traveled to Jerusalem at the end of Paul's third journey (Acts 21:1-3).&nbsp; The lighthouse may have been recently constructed and/or under construction at that time!<br /></p>
<p>To view a map and descriptive comments on Patara, and 27 images(!), <a target=""_blank"" href=""go.asp?s=189"">Click Here</a>.</p>",False,"TWTQPTLH02, TWTQPTLH04, TWTQPTLH07"
83,GSPLCO06,239,Corinth Site,,"<p>Corinth was situated in the northeastern corner of the Peloponnese &mdash; very near the narrow land bridge (isthmus) that connected the Peloponnese to the mainland of Greece.</p>

<p>The Greek city of Corinth had been (partially) destroyed by the Romans in 146 B.C., but the rebuilding process, as a Roman city, had begun by 44 B.C. In Paul&#39;s day there may have been 200,000 people living there.</p>

<p>Paul spent 18 months here on his second journey and maybe three months on his third.</p>
",False,"GSPLCONW01, GSPLCO06, GSPLCO07"
84,ICHMMG08,440,Mount Gerizim,,"<p>To the south of the modern city of Nablus (OT Shechem) is located Mount Gerizim&mdash;a mountain that is holy to the Samaritans.</p>
<p>Above is the well-preserved stair case that leads up to the &quot;Sacred Area&quot; on Mt. Gerizim.</p>
<p>There, the Samaritans built a series temples to worship God.&nbsp; Today the community is very small&mdash;less than 700 persons&mdash;but they still participate in ancient rituals (especially notable is their Passover celebration in the spring of the year).</p>",False,"ICHMMG07, ICHMMG08, ICHMMG02, ICHMMG20"
85,ICSHQE06,434,Kh. Qeiyafa,,"<p>Khirbet Qeiyafa is a site located in the Shephelah, about 1 mi. east of Azekah and about 14 mi. northwest of Hebron.&nbsp; It overlooks the Elah valley from the north.&nbsp; The site has been excavated by Yosef Garfinkel and Saar Ganor 2007-2009. <br /><br />It is an early Iron II site, that they say dates to the first half of the tenth century B.C. &mdash; the days of the biblical character David.<br /><br />The site has been much in the news recently for here in the Valley of Elah David fought Goliath (1 Samuel 17) and because of the massive city wall and gate and ostracon that was found here.</p>",False,
86,INSGAR04,445,Arbel Cliffs,,"<p>The majestic Arbel Cliffs are situated on the southern side of the Plain of Ginnosar on the northwestern shore of the Sea of Galilee.&nbsp; They rise to an elevation of 594 ft. [181 m.] above sea level and 1283 ft. [390 m.] above the level of the lake.<br />
<br />
From there, the whole northern shore of the lake is visible&mdash;as are many other places!</p>
",False,"INSGAR11, INSGAR07, INSGAR02, INSGAR04"
87,INUGKD01,448,Kedesh,,"<p>Tel Kedesh in Upper Galilee is a large site of 20 acres [8 ha.] that was inhabited for hundreds of years.&nbsp; It is currently (2009) under excavation.<br /><br />The best preserved pagan temple in Israel, from the Roman Period, is located there.</p>",False,"INUGKD01, INUGKD03, INUGKD07"
88,IJNTWW10,52,Western Wall Excavations,,"<p>This area along the southern portion of the western wall of the Temple Mount (Haram esh-Sharif) wall have revealed <a href=""go.asp?img=IJNTWW13&amp;SiteID=38"">Robinson&#39;s Arch</a>, the <a href=""go.asp?img=IJNTWW26"">street level and shops</a> from the days of Jesus,&nbsp;<a href=""go.asp?img=IJNTWW10"">piles of rubble from the Roman&nbsp;destruction</a>&nbsp;of the Temple in A.D. 70, and an <a href=""go.asp?img=IJNTWW17"">important Hebrew inscription</a>.</p>

<p>Benjamin Mazar began the excavations in this area in the late 1960&#39;s. Ronny Reich and Yaacov Billig have continued his work in recent years.</p>
",False,"IJNTWW10, IJNTWW15, IJNTWW11, IJNTWW26"
89,,376,Main Church,,,False,
90,ICSHBS21,462,Beth Shemesh,,"<p>
	Beth Shemesh is located 12 mi. [20 km.] west of Jerusalem in the Shephelah.&nbsp; It was situated in the buffer zone between the Philistine Plain to the west and the Hill Country of Judah to the east.<br />
	<br />
	According to the biblical text it was on the border of the tribe of Judah (Josh 15:8&ndash;12) but allotted to the tribe of Dan (Josh 19:40&ndash;48).&nbsp; The Sorek Valley is associated with the stories of Samson and it was to Beth Shemesh that the ark of the covenant was returned by the Philistines (1 Samuel 6).&nbsp; It was in one of the districts of Solomon (1 Kings 4:9) and it was here that Joash (king of Israel) defeated Amaziah (king of Judah).</p>
<p>
	Here a unique, large, <a href=""go.asp?img=ICSHBS13"" target=""_blank"">underground cistern</a> was found.</p>
",False,"ICSHBS20, ICSHBS24, ICSHBS30, ICSHBS11"
91,IJNTMLMM05,454,Church of Mary Magdalene,,"<p>
	The Church of Saint Mary Magdalene is located on the western slope of the Mount of Olives, between the Catholic Garden of Gethsemane and Dominus Flevit.<br />
	<br />
	It is a (white) Russian Orthodox Church built by the Czar Alexander III in 1888.&nbsp; The church was dedicated to Alexander&#39;s mother, Maria, but is named after Saint Mary Magdalene who was a follower of Jesus and is associated with anointing his body.&nbsp; She was at the foot of the cross (John 19:25), and Jesus first appeared to her after his resurrection (John 20:1).</p>
",False,"IJNTMLMM06, IJNTMLMM05, IJNTMLMM07"
92,IJNTMLDF05,452,Dominus Flevit,,"<p>
	This church was designed by Antonio Barluzzi and was constructed in the 1950&#39;s.&nbsp; The roof of the church is designed to resemble a &quot;tear drop&quot; &mdash; as the church commemorates Jesus weeping over the city of Jerusalem (Luke 19:41&ndash;44).&nbsp; On each of the four corners of the church are large representations of small glass vessels which were used to catch the tears of mourners in the first century A.D.</p>
",False,"IJNTMLDF35, IJNTMLDF01, IJNTMLDF21, IJNTMLDF16"
93,TCSCEP02,450,Eflatunpinar,,"<p>
	Eflatunpinar is located about 50 mi. [80 km.] due west of Konya (classical/biblical Iconium).</p>
<p>
	At Eflatunpinar (Eflaltun Pinar) there is a spring and a very well&ndash;preserved Hittite monument that seems to date to the second half of the thirteenth century B.C.&mdash;to the reign of the Hittite king Tudhaliya IV (ca. 1259-1229 B.C.; about the time of the Israelite conquest of Canaan).</p>
",False,"TCSCEP02, TCSCEP01, TCSCEP13"
95,,455,Palm Sunday Procession,,"<p>
	Palm Sunday, the day of Jesus&#39; &quot;Triumphal&quot; Entry to Jerusalem, is commemorated by local (predominantly Christian Arabs) and non&ndash;local Christians by processing over the Mount of Olives into the Old City (<a href=""go.asp?img=IJNTGW02"" target=""_blank"">Lion&#39;s Gate</a>) of Jerusalem (Matt 21:1&ndash;11; 14&ndash;17; Mark 11:1&ndash;11; Luke 19:29&ndash;44; John 12:12&ndash;19).<br />
	<br />
	Many local (Arab Christian) &quot;scout troops&quot; and foreign visitors to Israel participate in this procession.</p>
",False,
96,,239,Corinth Site,,"<p>
	The Greek city of Corinth had been destroyed by the Romans in 146 B.C., but the rebuilding process had begun by 44 B.C. Its two harbors were Lechaion (Gulf of Corinth) and <a href=""go.asp?s=251"" target=""_blank"">Cenchreae</a> (Saronic Gulf).</p>
<p>
	Paul spent 18 months here on his second journey and maybe three months on his third. The letters of first and second Corinthians were written to the church here, and Paul probably wrote first and second Thessalonians and Romans while in Corinth.</p>
",False,"GSPLCO06, GSPLCO55, GSPLCO19, GSPLCO11, GSPLCO09"
97,,54,Southern Wall Excavations,,"<p>
	South of the Temple Mount many exciting discoveries have been made &mdash; especially those from the New Testament (Second Temple) Period. Included among them are a <a href=""go.asp?img=IJNTMZ02&amp;SiteID=45"">monumental staircase</a> that led into the temple precinct, a large number of <a href=""go.asp?img=IJNTSW07&amp;SiteID=45"">ritual baths</a> (miqvaoth), cisterns, and investigations of the <a href=""go.asp?img=IJNTSW02&amp;SiteID=45"">double</a> and <a href=""go.asp?img=IJNTSW05&amp;SiteID=45"">triple gates</a></p>
",False,"IJNTMZ02, IJNTSW01, IJNTSW05, IJNTSW08, IJOTEMG10"
98,,468,Synagogue,,"<p>
	<strong><em><u>SEPPHORIS</u></em></strong> In 1993, while doing construction work on the north side of the site of <strong>Sepphoris</strong>, workmen discovered the remains of a <strong>synagogue</strong> that dates to the fifth century AD.</p>
<p>
	Although the walls of the synagogue had been destroyed, its mosaic floor was quite well preserved.&nbsp; The main part of this floor consists of seven panels that include scenes from the life of Abraham and Sarah, a Zodiac(!), representations from the temple, the life of Aaron, and objects associated with the synagogue.</p>
",False,
99,,37,Capernaum,,"<p>
	Capernaum is mentioned 16 times in the New Testament. It served as Jesus&rsquo; &quot;headquarters&quot; during his public ministry. Several disciples were from Capernaum and many miracles were performed here. It was a fishing village with a tollbooth and a <a href=""go.asp?img=INSGCP02&amp;SiteID=4"">synagogue</a>. Indeed, it was large enough to be the residence of a public official and a Roman centurion.</p>
",False,"INSGCPNW10, INSGCP08, INSGCP03, INSGCP09"
100,,439,Sychar/Jacob's Well,,"<p>
	Just to the east northeast of the city of Nablus is the suburb of Askar (New Testament Sychar).&nbsp; Here the Greek Orthodox purchased the ruins of churches that preserved the memory of Jesus&#39; meeting with the Samaritan Woman at the Well (John 4).<br />
	<br />
	The construction of the new church was halted after only portions of the exterior walls were constructed.&nbsp; After lying dormant for over 80 years the church was completed in 2007.</p>
",False,"ICHMSY16, ICHMSY04, ICHMSY21"
101,,457,Tyropoeon (Central Valley) Street,,"<p>
	In the early 2000&#39;s Ronny Reich and Eli Shukron discovered and excavated a street and drainage system to the (north) west of the <a href=""go.asp?img=IJNTPS03"" target=""_blank"">Pool of Siloam</a>.&nbsp; This street led from the Temple Mount to the Pool of Siloam.&nbsp; Reich had excavated the <a href=""go.asp?img=IJNTWW10"" target=""_blank"">upper portion of this stree</a>t&nbsp; near the (south) western wall of the Temple Mount in the 1990&#39;s.<br />
	<br />
	The drainage system under this street was evidently where some of the Jewish defenders of Jerusalem, in AD 70, hid from the Romans.</p>
",False,
102,,177,Qumran,,"<p>Qumran is the antiquity site near the caves where the famous Dead Sea Scrolls were found in the late 1940&rsquo;s and early 1950&rsquo;s.&nbsp; It is located on a rise, 1 mi. west of the Dead Sea, 8.5 mi. south southeast of Jericho.</p>

<p>There were eleven principle caves that contained scrolls.&nbsp; These scrolls are now housed (primarily) in Jerusalem, in the Shrine of the Book.&nbsp; They contain some of the oldest known portions of the Hebrew Bible (= Old Testament) as well as many other extrabiblical documents.&nbsp; The total number of documents discovered in the caves near Qumran is believed to be about 930.</p>

<p>Images of <a href=""go.asp?img=ICDSQM22"">Cave 1</a> and <a href=""go.asp?img=ICDSQM25"">Cave 11</a> are available</p>
",False,"ICDSQM30, ICDSQM22, ICDSQM01, ICDSQM02"
104,,483,Temple of Zeus,,"<p>
	The Temple of Olympian Zeus is located just outside of the ancient city of Athens&mdash;east southeast of the acropolis.&nbsp; This huge temple went through several variations but the main one was begun in the fourth century B.C.&nbsp; Antiochus IV Epiphanes, Augustus, and others were involved in its construction.&nbsp; It was finally completed by the Roman Emperor Hadrian (ca. A.D. 132).</p>
",False,"GSATTZ04, GSATTZ05, GSATTZ02, GSATTZ07"
105,,127,Roman Forum Area,,"<p>The Plaka is the modern name for an older section of Athens located just north and northeast of the Acropolis. Among its maze of streets are a number of monuments and excavations have been conducted in its western section.</p>

<p>Among the monuments included in this section are the <a href=""../go.asp?img=GSATPL02"">Tower of the Winds</a>, the <a href=""../go.asp?img=GSATPL01"">Roman Agora</a>, the Library of Hadrian, and the Lysicrates Monument.</p>
",False,"GSATPL09, GSATPL06, GSATPL03"
106,,479,Deir Aziz,,"<p>
	Deir Aziz (&quot;Monastery of Aziz&quot;) is located 4 mi. [6.5 km.] east of the Sea of Galilee on the north side of a wadi that flows into the Nahal Qanaf.&nbsp; There is a very powerful spring at Deir Aziz and the remains of a prominent synagogue that dates to the Talmudic/Byzantine Period.</p>
",False,"INGLDA01, INGLDA07, INGLDA08, INGLDA13"
107,,480,Cedars of Lebanon,,"<p>
	Today there are only several thousand Cedars of Lebanon in existence.&nbsp; The cedars pictured here are from a grove in the area of the Lebanese village of Bchare&eacute; that is located at an elevation of 6,500 ft. in Mount Lebanon&mdash;about 22 mi. inland from the Mediterranean Sea (about 40 mi. northeast of Beirut).</p>
",False,"LNBCCT04, LNBCCT03, LNBCCT02"
108,,512,Inscriptions,,,False,"Atlas100, Atlas102, Atlas125, Atlas127"
109,,512,Hieroglyphic Inscriptions,,,False,"Atlas100, Atlas102, Atlas127, Atlas152"
111,,86,Hebron,,"<p>
	The city of Hebron is located 20 mi. southwest of Jerusalem.&nbsp; Abraham purchased a cave here and buried his wife Sarah in it. In turn Abraham, Isaac, and Jacob, and their spouses, were buried in Hebron.</p>
<p>
	The most prominent ancient structure in the city is the Tomb of the Patriarchs (<em>Haram el-Khalil</em> - the &quot;sacred space of the friend [of God]&quot; = Abraham).</p>
",False,"ICHJHB10, ICHJHB31, ICHJHB02, ICHJHB33"
112,,474,Abel Beth Maacah,,"<p>
	Abel Beth Maacah was a town at the very north end of the Huleh Valley.&nbsp; During the reign of David, Joab pursued the rebel Sheba to the town and there the citizens beheaded him after &quot;negotiations&quot; between Joab and a &quot;wise woman.&quot; (2 Samuel 20).</p>
<p>
	It was on the route through which the Arameans (Ben&ndash;Hadad) and later the Assyrians invaded Israel (Tiglath&ndash;pileser III).</p>
<p>
	It is located along one of the major sources of the Jordan River.&nbsp; To date, the mound has not been excavated.</p>
",False,"INHVABM02, INHVABM03, INHVABM11"
113,,320,Mount Zion (modern),,"<p>
	Modern Mount Zion is located just south of the Old City wall.&nbsp;&nbsp; There are many &ldquo;traditions&rdquo;(!) associated with the current Mount Zion.&nbsp; These include the burial place of King David, the site of Caiaphas the High Priest before whom Jesus appeared, the site of the Last Supper of Jesus with his disciples, and the outpouring of the Holy Spirit on the day of Pentecost.&nbsp;&nbsp;</p>
",False,"IJNTMZ20, IJNTMZ01, IJNTMZ52, IJNTMZ08"
115,,52,Western Wall Excavations,,"<p>
	Rubble from the destruction of the Temple by Titus in A.D. 70.</p>
<p>
	This area along the southern portion of the western wall of the Temple Mount (Haram esh-Sharif) wall have revealed <a href=""go.asp?img=IJNTWW13&amp;SiteID=38"">Robinson&#39;s Arch</a>, the <a href=""go.asp?img=IJNTWW09&amp;SiteID=38"">street level and shops</a> from the days of Jesus,&nbsp;<a href=""go.asp?img=IJNTWW10&amp;SiteID=38"">piles of rubble from the Roman&nbsp;destruction</a>&nbsp;of the Temple in A.D. 70, and an <a href=""go.asp?img=IJNTWW17&amp;SiteID=38"">important Hebrew inscription</a>.</p>
<p>
	Benjamin Mazar began the excavations in this area in the late 1960&#39;s. Ronny Reich and Yaacov Billig have continued his work in recent years.</p>
",False,"IJNTWW10, BLGWW01, IJNTWW15, IJNTWW11"
117,,347,Attalia/Antalya,,"<p>
	Antalya is the modern name for ancient Attalia located along the southern Mediterranean coastline of Turkey.</p>
<p>
	Paul and Barnabas set sail from Attalia to Antioch on the Orontes after having preached in the interior of Galatia and Phrygia on Paul&rsquo;s first missionary journey (Acts 14:25-26).</p>
",False,"TCMCAN01, TCMCAN02, TCMCAN03, TCMCAN08, TCMCAN09"
118,,246,Acrocorinth,,"<div id=""cke_pastebin"">
	<p>
		The &ldquo;Acrocorinth&rdquo; is the acropolis (citadel) of Corinth.&nbsp; It is situated to the southwest of the ancient city and rises to an elevation of 1883 ft. [574 m.].&nbsp; Today it is surrounded by walls that are about 1.85 mi. [3 km.] long.</p>
	<p>
		The foundations of the fortifications are ancient&mdash;going back to the Hellenistic Period.&nbsp; The current walls were built and rebuilt by the Byzantines, Franks, Venetians, and Ottoman Turks.</p>
</div>
",False,"GSPLCOAC24, GSPLCOAC01, GSPLCOAC09, GSPLCOAC11"
119,,515,Ain Dara,,"<p>
	Ain Dara is a large (60! acre [24 ha.]) tell located in northwestern Syria&mdash;40 mi. [65 km.] northwest of Aleppo.</p>
<p>
	One of the most interesting group of finds are a series of temples that existed from roughly 1300 to 740 B.C.&nbsp; Dr. John Monson has argued that this temple exhibits over 60 parallels to Solomon&#39;s Temple as described in the biblical text (1 Kings 6; 2 Chronicles 3).</p>
<hr />
<p>
	Monson, John J. &ldquo;The New &#39;Ain Dara Temple: Closest Solomonic Parallel.&rdquo;<em>Biblical Archaeology Review</em> vol. 26, no. 3 (May/June, 2000): 20&ndash;35, 67.</p>
",False,"SYAD01, SYAD02, SYAD03, SYAD04"
120,,478,Umm el-Qanatir,,"<p>
	The village&mdash;ancient name not known&mdash;was constructed in the fourth or fifth century AD and was destroyed by the devastating earthquake of AD 749.</p>
<p>
	It boasts one of the best-preserved ancient synagogues in the land&mdash;90% of the remains (collapsed) were still in-situ after the earthquake of AD 749.&nbsp; It is in the process of being reconstructed by Yehoshua Dray and his colleagues.</p>
<p>
	In addition, remnants of a flax processing installation have been discovered by the spring in the village.</p>
",False,"INGLUK01, INGLUK06, INGLUK08, INGLUK15"
121,,467,Jotapata,,"<p>
	Jotapata was a city situated in Lower Galilee about 3 mi. north of Sepphoris and 9 mi. [14.5 km.] north of Nazareth.&nbsp; It is mentioned numerous times in the works of the Jewish historian Josephus.</p>
<p>
	It was fortified by Josephus, who was the Jewish commander in Galilee at the beginning of the First Revolt and after a 47-day siege the Romans captured the city.&nbsp; Here Josephus went over to the side of the Romans&mdash;being one of the few survivors of the siege (<em>War</em> III: 141-408)!</p>
<p>
	The site has been excavated in recent years and here remains of the siege ramp, the defensive walls, houses (one with frescos), cisterns, caves, ritual baths, stone vessels, arrowheads, etc. have been discovered.</p>
",False,"INLGJO01, INLGJO11, INLGJO09"
122,,210,Qasr al-Abd (Palace),,"<p>
	The palace that today is called &ldquo;Qasr al&ndash;Abd&rdquo; (the castle of the servant) was the major building on the Tobiad estate.&nbsp; It was build by Hyrcanus about 180 B.C. although it was not yet complete at the time of his death in 175 B.C.&nbsp; It seems that it may never had been finished.</p>
",False,"JNIEAQA01, JNIEAQA02, JNIEAQA10, JNIEAQA16"
123,,484,Aizanoi,,"<p>
	Aizanoi is a very large Roman site located 170 mi. southwest of Ankara Turkey.&nbsp; One of the best-preserved temples of the ancient world is located there as are the impressive remains of a stadium, theater, bathhouse, meat market, etc.</p>
<p>
	Dr. Mark Wilson states that &quot;Paul probably passed through the Greco&ndash;Roman city of Aizanoi while passing through Mysa on his second journey to Troas (Acts 16:8).&quot;</p>
",False,"TNCAI01, TNCAI03, TNCAI14"
124,,493,Jezreel Valley Views,,"<p>
	This section contains several of Mount Tabor, Mount Moreh, and Mount Gilboa &mdash; on clear days!</p>
",False,"Atlas39, INJVVS10, INJVED05"
125,,430,Gamala,,"<p>Gamala&nbsp; (also spelled Gamla) t is located 3.7 mi. east of the northern end of the Sea of Galilee.&nbsp; It rises about 750 ft. above the surrounding wadis.<br />
During the great Jewish revolt (A.D. 66&ndash;70) the city joined the rebels.&nbsp; After a two-stage siege, the Roman Legions breached the city wall and slaughtered the inhabitants&mdash;Josephus (see War IV) says a total of 9,000 died.</p>
",False,"INGLGM01, INGLGM08, INGLGM02"
126,,89,Ephesus,,"<p>
	Ephesus was the major city of Asia Minor during the New Testament era.&nbsp; Paul visited the city on his second and third missionary journeys &ndash; staying there for about 3 years on his third journey.</p>
<p>
	Ephesus is one of the seven churches mentioned in the book of Revelation (1:11; 2:1&ndash;7). It is mentioned 18 times in the New Testament.</p>
<p>
	It was the center for the worship of <a href=""http://holylandphotos.org/control/go.asp?img=TWCSEA02&amp;SiteID=83"" target=""_blank"">Artemis</a> (Roman Diana).</p>
",False,"TWCSEP32, TWCSEP31, TWCSEP05"
128,,459,Knidos Harbors (folder),,"<p>
	Knidos (Cnidus) was a very important city during the Hellenistic and Roman/Byzantine Periods located in southwestern Turkey.&nbsp; It had trading connections with the eastern Mediterranean, including Egypt, and with Greece and Italy.<br />
	<br />
	Because of its location on the very southwest tip of Turkey from here ships could head north into the Aegean, northwest to Greece, or west towards Rome.&nbsp; The apostle Paul passed Cnidus on his voyage to Rome (Acts 27:7).<br />
	<br />
	Among its many temples was the <a href=""go.asp?s=460"" target=""_blank"">Temple of Aphrodite</a> (Venus) with its famous statue of Aphrodite (now lost) by the sculptor Praxiteles.</p>
",False,"TWCSKN01, TWCSKN02, TWCSKN05"
129,,460,Round Temple (folder),,"<p>
	Knidos (Cnidus) was a very important city during the Hellenistic and Roman/Byzantine Periods located in southwestern Turkey.&nbsp; It had trading connections with the eastern Mediterranean, including Egypt, and with Greece and Italy.<br />
	<br />
	Because of its location on the very southwest tip of Turkey from here ships could head north into the Aegean, northwest to Greece, or west towards Rome.&nbsp; The apostle Paul passed Cnidus on his voyage to Rome (Acts 27:7).<br />
	<br />
	Among its many temples was the <a href=""http://holylandphotos.org/control/go.asp?s=460"" target=""_blank"">Temple of Aphrodite</a> (Venus) with its famous statue of Aphrodite (now lost) by the sculptor Praxiteles.</p>
",False,"TWCSKNRT02, TWCSKNRT03, TWCSKNRT04, TWCSKNRT05"
131,,441,East Hippodrome at Caesarea,,"<p>
	Inland, east of the shore of the Mediterranean, is the largest Hippodrome in Caesarea Maritima.&nbsp; It replaced the earlier <a href=""http://holylandphotos.org/control/go.asp?s=289"" target=""_blank"">seaside one</a>.&nbsp; This eastern hippodrome was built by the Roman Emperor Hadrian (A.D. 117&ndash;138).<br />
	<br />
	It is 1,476 ft. long and 300 ft. wide.&nbsp; It could seat 30,000 people on 20 rows of seats and in the middle dividers was an obelisk (completely preserved in three parts).</p>
",False,"ICSPCMEH01, ICSPCMEH02"
132,,40,Jericho OT,,"<p>
	Old Testament Jericho was located at Tel es-Sultan near a very powerful spring.&nbsp; It is 6 miles west of the Jordan River and 10 miles north-northwest of the north end of the Dead Sea.</p>
<p>
	The tel is about 10 acres in size, which implies about 1,500 people lived on the site of the tel.&nbsp; It is mentioned 56 times in the Old Testament (Hebrew Bible) and is featured in Joshua&#39;s conquest of the Land of Canaan.</p>
<p>
	It has been excavated by numerous persons including John Garstang and Kathleen Kenyon.</p>
<p>
	New Testament Jericho (which is located at a different site)&nbsp;will be added in the future.</p>
",False,"ICJVJO24, ICJVJO03, ICJVJO05, ICJVJO02, ICJVJO15"
133,,301,Tabernacle,,"<p>
	The Tabernacle was the religious structure that Moses was commanded to build. Its description can be found in Exodus 25&ndash;30 and 35&ndash;40. It was composed of three parts: a courtyard and a wooden framed tent that had two rooms&mdash;the Holy Place and the Most Holy Place (Holy of Holies; containing the Ark of the Covenant).</p>
<p>
	The Tabernacle was a portable structure that could be carried from place to place. According to the biblical text, it was in use from the time of Moses until Solomon built his temple in the tenth century B.C.</p>
<p>
	This life-size near replica of the biblical Tabernacle was constructed under the supervision of <strong>Dr. Randall Smith</strong> and was located near Kibbutz Almog&mdash;at the northwest end of the Dead Sea.&nbsp; It has been removed.</p>
",False,"DLRLTB03, DLRLTB09, DLRLTB08, DLRLTB10"
135,,498,Egypt - Zondervan Atlas 65-71,,"<p>
	These images are from my <em>Zondervan Atlas of the Bible</em> &ndash; the chapter on the Geography of Egypt.</p>
",False,"Atlas70, AtlasA67, AtlasB67, Atlas68"
136,,523,Life of Christ 205-215,,"<p>
	The images in this section are from the <em>Zondervan Atlas of the Bible</em> &quot;The Life of Christ&quot; pp. 205&ndash;215.</p>
<p>
	<strong>For commercial publication in books, electronic media, web sites, etc</strong>. please contact <a href=""mailto:holylandphotos@comcast.net?subject=Image%20Usage"">Carl Rasmussen</a> for information on modest commercial publication fees and rights.</p>
<p>
	To consider purchasing the <em>Zondervan Atlas of the Bible</em> <a href=""http://www.christianbook.com/zondervan-atlas-of-the-bible/carl-rasmussen/9780310270508/pd/270505?event=AFF&amp;p=1165647&amp;"" target=""_blank"">Click Here</a>.</p>
",False,"INLGNZ30, INSGGB01, INSGGB07, INSGCP01, INSGVS06"
137,,477,Shechem,,"<p>
	Shechem is mentioned close to 60 times in the Bible. It was an important non-Israelite center that figured prominently in the stories of Abraham, Jacob, and later Abimelech (Judg 9). During the days of Joshua it seems to have served as an Israelite tribal and religious center.</p>
<p>
	Shechem was located on the boundary between Manasseh and Ephraim (Josh 17:2, 7) and was designated as a Levitical city as well as a city of refuge (Josh 20:7; 21:21; 1 Chron 6:66, 67). It served briefly as the first capital of the N kingdom but was replaced by Tirzah and then Samaria.&nbsp;&nbsp;</p>
<p>
	It is identified with T. Balatah (176179), that is located 30 mi. [48 km] N of Jerusalem, on E side of Nablus.</p>
",False,"ICSASH01, ICSASH06, ICHMMG07"
138,,560,"Perge: Stadium, Theater, and Bath",,"<p>
	On Paul&#39;s first missionary journey, Paul, Barnabas, and John Mark visited Perge/Perga.&nbsp; <a href=""go.asp?s=59"" target=""_blank"">Perge</a> was a very prosperous Greco&ndash;Roman city with an &quot;entertainment district&quot; that was located south of the city.&nbsp; It consists of a very well&ndash;preserved stadium and theater.</p>
",False,"TCMCPEED06, TCMCPEED08, TCMCPEED09"
139,,544,Swiss Forest - Views,,"<p>
	The &quot;Swiss Forest&quot; is a forest that covers the north-south ridge that towers over the southern portion of the city of Tiberias and the Sea of Galilee.&nbsp; There is a good paved road, with some tricky &quot;dips,&quot; that runs through it.&nbsp; The views from the several &quot;lookouts&quot; along the road are spectacular.</p>
",False,"INSGSF01, INSGSF02, INSGSF03"
140,,115,Miletus (Balat),,"<p>
	Miletus, modern Balat, was visited by Paul at the end of his third missionary journey &ndash; about A.D. 57 (Acts 20:38).&nbsp; From here he summoned the elders from the church at Ephesus, 28 mi. [45 km.] distant (as the crow flies), and after speaking to them &ndash; this is the major speech recorded on his third journey &ndash; they had a tearful parting as Paul headed for Jerusalem where he would be taken prisoner.&nbsp; Miletus is also mentioned in 2 Timothy 4:20.</p>
",False,"TWCSML30, TWCSML02, TWCSML04, TWCSML14, TWCSML28, TWCSML07"
141,,224,Hippodrome,,"<p>
	The Hippodrome in Constantinople (now Istanbul) was first constructed around A.D. 200 by the Roman Emperor Septimius Severus as part of his rebuilding of the city of Byzantium.&nbsp; Constantine the Great and his successors later expanded it.</p>
<p>
	It was 440 yrds. 480 m.] long and 107 yrds. [117 m.] wide.&nbsp; Some believe it could hold 100,000 spectators.</p>
<p>
	Today a park covers most of the hippodrome and it still reflects is elongated shape.&nbsp; Here chariot races and other extravaganzas were held: including victory parades and coronations.</p>
",False,"TWMRISHP02, TWMRISHP11, TWMRISHP03, TWMRISHP06, TWMRISHP10"
146,,546,Domus Galilaeae,,"<p>
	Domus Galilaeae is a Roman Catholic retreat center that is located 3 mi. [5 km.] to the north of the Sea of Galilee on route 8277 that leads to Korazin.&nbsp; It opened in 2000 and was blessed by Pope John Paul II.</p>
",False,"INSGDD08, INSGDD03, INSGDD04, INSGDD06"
147,,561,Daily Life,,"<p>
	The &quot;Haram esh&ndash;Sharif&quot; (= Temple Mount) is sacred to both Jew and Moslem and today is noted for the Islamic buildings that cover its 36 acres.</p>
",False,"IJHRLO05, IJHRLO08, IJHRLO03, IJHRLO06, IJHRLO01"
148,,545,Tiberias Gate & Theater,,"<p>
	For over twenty years excavations of ancient Tiberias on the western shore of the Sea of Galilee have been underway.&nbsp; One of the major finds is the <a href=""http://holylandphotos.org/control/go.asp?img=INSGTBSG01"">Roman Gate</a> that is located at the south end of the city.&nbsp; According to the excavators this gate, probably free standing without a wall attached, Herod Antipas (4BC - AD 39) built this gate when the city of Tiberias was constructed (AD 18-22).</p>
",False,"BALAGTB01, INSGTBSG01, INSGTBSG02, INSGTBSG03, INSGTBTH03"
149,,537,Qasr el-Yahud (Baptismal Site),,"<p>
	Qasr el-Yahud (&quot;Castle of the Jews&quot;) is located on the Israeli side of the Jordan River, 5.6 mi. east of Jericho and 4.5 mi.&nbsp; north of the Dead Sea directly opposite the Jordanian &quot;Bethany Beyond the Jordan.&quot;</p>
<p>
	This site, and its Jordanian counterpart, are associated with the Israelites crossing the Jordan River (Joshua 2), the boundary between Canaan and Gilead (Joshua 22), Elijah being taken up into heaven, and especially John baptizing (Matt 3:1-17; Mark 1:2-11; Luke 3:1-22; and John 1:6-34).&nbsp;&nbsp; John 1:28 in the KJV reads &quot;Betharaba beyond Jordan&quot; while the NIV more correctly reads &quot;Bethany on the other side of the Jordan.&quot;</p>
<p>
	Since the Byzantine period there have been monasteries located on both the Israeli and Jordanian sides of the river&mdash;but the western side was more easily accessible to Christian pilgrims coming from Jerusalem and Jericho.</p>
",False,"ICJVQY01, ICJVQY05, ICJVQY04, ICJVQY06"
150,,312,Korazin/Chorazin Synagogue,,"<p>
	The synagogue at Korazin/Chorazin dates to the Talmudic Period.&nbsp; It was built out of carved local Basalt stones and was probably repaired/rebuilt in the early 5th century.&nbsp; It is &quot;basilica&quot; in design with a central nave, two side aisles, and a rear aisle. &nbsp;It faces south, towards Jerusalem, and its three main doors are on the south side of the building.&nbsp; This style of synagogue is called the &quot;Galilean Type&quot; and similar examples have been found at Capernaum and Baram.</p>
",False,"INSGKZSY25, INSGKZSY26, INSGKZSY27, INSGKZSY23"
151,,62,Colossae,,"<p>
	The site of Colossae is located on the southern edge of the Lycus Valley near larger and more significant sites such as Laodecia and Hierapolis.</p>
<p>
	Paul wrote two letters to Colossae, namely Colossians and Philemon. Paul evidently never visited the city (Col 1:9; 2:1), but rather his colleague Epaphras brought the gospel message to the three cities of the Lycus Valley, that is to Colossae, to Laodicea, and to Hierapolis. However, Paul hoped to visit the city, for he requested Philemon to prepare a lodging for him in anticipation of a visit (Phil 1:23).</p>
<p>
	The mound (Turkish: <span style=""font-style: italic;"">h&uuml;y&uuml;k</span>) of Colossae has not been excavated.</p>
",False,"TWCSCL23, TWCSCL15, TWCSCL03, TWCSCL31, TWCSCL05"
152,,570,Sagalassos Upper City,,"<p>
	Sagalassos is a magnificent ancient city located about 80 mi. north of Antalya.&nbsp; It was one of the largest cities of the region/district of Pisidia.&nbsp; Although located in a very remote territory it was conquered by Alexander the Great and it was near one of the ancient roads that ran from Attalia (mod. Antalya)/Perge to Pisidian Antioch (Acts 13:13-14; 14:25).</p>
<p>
	It has been under excavation since 1990 by a Belgian team led by Marc Waelkens of the Catholic University of Leuven.&nbsp; Because of its remoteness it is very well preserved and Waelkens&#39; team has made some outstanding discoveries and has been very diligent in the preservation and restoration of the site.</p>
",False,"TXCSGUC11, TXCSGUC12, TXCSGUC01, TXCSGUC02, TXCSGUC04"
153,,571,Sagalassos Upper Agora,,"<p>
	The Upper Agora at Sagalassos provides great visualizations of a Nymphaeum, a Bouleouterian, a Heroon, a Doric Temple and the Macaellum.</p>
<p>
	Sagalassos is a site located 80 mi. north of Antalya on one of the roads from Perga/Attalia to Pisidian Antioch.</p>
",False,"TXCSGUA19, TXCSGUA20, TXCSGUA13, TXCSGUA07, TXCSGUA10"
155,,481,Khirbet Umm el–Amud (9 images),,"<p>
	Khirbet Umm el-Amud is a site located in Lower Galilee.&nbsp; Here there are remains of a village that existed from the Second Temple into the Byzantine Periods (unexcavated) and the remains of a synagogue (excavated) that dates to the third-fourth centuries A.D.&nbsp;</p>
<p>
	The synagogue has one column stranding and thus the site is called &quot;the ruin of the mother of the column&quot; in Arabic.&nbsp; The ancient name of the place is not known.</p>
<p>
	It seems to me that Jesus and his followers probably passed this site on a number of occasions as they traveled from Nazareth to Cana and from there to Magdala.&nbsp; Once at Magdala they could turn north to Capernaum or south to Tiberias</p>
",False,"INLGHA01, INLGHA02, INLGHA06, INLGHA07"
156,,229,Fair Havens,,"<p>
	Fair Havens is a port on the southern coast of Crete&mdash;modern &ldquo;Kali Limones.&rdquo;&nbsp; Because of the mountains to the north of it, it is seldom visited by tour groups.&nbsp; It is mentioned in Acts 27:8 in the following context.</p>
<p>
	&nbsp;&ldquo;&hellip; we sailed to the lee of Crete opposite Salmone &hellip; and came to a place called Fair Havens, near the town of Lasea &hellip; after the fast [Day of Atonement in late September] &hellip; the majority decided that we should sail on, hoping to reach Phoenix and winter there &hellip; so they weighed anchor and sailed along the [southern] shore of Crete &hellip; the ship was caught by the storm &hellip; we passed to the lee [south] of a small island called Cauda, we were hardly able to make the lifeboat secure.&rdquo;&nbsp; (Acts 27:7-16; NIV translation)&nbsp;</p>
<p>
	This portion of the journey eventually ended with a shipwreck near the island of Malta.</p>
",False,"GICRFH12, GICRFH13, GICRFH24, GICRFH21"
157,,463,Lachish,,"<p>
	Lachish is located 29 mi. west southwest of Jerusalem in the Judean Shephelah.&nbsp; Joshua defeated its king (Josh 10:12:11).&nbsp; The Judean king Rehoboam fortified it shortly after the death of Solomon (2 Chron 11:9).&nbsp; The Assyrian king Sennacherib captured the town in 701 B.C. (2 Kgs 18 14, 17: 19:8; 2 Chron 32:9; Isa 36:2; 37:8; Micah 1:13) as did the Babylonian Nebuchadnezzar (Jer 34:7).&nbsp; It is mentioned frequently in extrabiblical sources.<br />
	<br />
	It was excavated in the 1930&#39;s by J. L. Starkey, in the 1960&#39;s by Y. Aharoni, and in the 1970&#39;s by D. Ussishkin and his colleagues.</p>
",False,"ICSHLA02, ICSHLA04, ICSHLArr21"
158,,580,Magdala/Taricheae,,"<p>
	The site of <em>al&ndash;Majdal</em> (Arabic for &quot;tower&quot;) is located 4 mi. northwest of Tiberias, along the western shore of the Sea of Galilee.&nbsp; It was evidently the home of Mary Magdalene, one of the followers of Jesus who is mentioned 12 times in the NT.&nbsp; It actually may also be the site of &quot;Magadan: (Matt 15:39) and/or &quot;Dalmanutha&quot; (Mark 8:10).</p>
<p>
	The site was excavated in the 1970&#39;s and more recent (ongoing) excavations have found the remains of an early Jewish Synagogue dated to the first century A.D. as well as ritual baths, streets, houses, and even the wharf.</p>
<p>
	If the dating of this structure is correct, and it is in fact a synagogue, then it is very possible that persons mentioned in the Gospels worshiped here from time to time.</p>
",False,"INSGMG22, INSGMG07, INSGMG10"
159,,184,Andriace (Andriake),,"<p>
	Andriace is a port city located on the southern coast of Turkey in an area known in ancient times as Lycia.&nbsp; Andriace served as the port of Myra that is located 3 mi. [5 km.] to the northeast.</p>
<p>
	The apostle Paul probably changed ships here&nbsp; in A.D. 60 on his way to Rome.&nbsp; Acts 27:5&ndash;6 describes this portion of his trip from Caesarea to Rome in this way:&nbsp; &ldquo;when we had sailed across the open sea off the coast of Cilicia and Pamphylia, we landed at Myra in Lycia.&nbsp; Here the centurion found an Alexandrian ship sailing for Italy and put us on board.&rdquo;&nbsp; Much of this must have transpired in Andriace, the port of <a href=""http://holylandphotos.org/control/go.asp?s=185"" target=""_blank"">Myra</a>.</p>
",False,"TWTQAD43, TWTQAD15, TWTQAD11, TWTQAD33"
160,,104,Bethlehem,,"<p>
	Bethlehem is located 5 mi. south southwest of Jerusalem.</p>
<p>
	It was a city in the tribal territory of Judah. The ancestors of King David lived here &mdash; Ruth, Naomi, Boaz, Jesse, etc. It is mentioned 40 times in the Old Testament. Besides being the birthplace of David (1 Samuel 16) it was fortified by the Judean King Rehoboam (ca. 926 B.C.; 2 Chron 11:6) and resettled by Jews after the Babylonian Exile (Ezra 2:21; Neh 7:26). It is mentioned 8 times in the New Testament, especially in connection with the birth of Jesus (Matt 2:5&ndash;12, 16; etc.).</p>
<p>
	The focal point of the town is the Church of Nativity which is built over the site where tradition has it that Jesus was born. There, Christmas celebrations are held at various times by the Christian communities that have &quot;rights&quot; to/in the building.</p>
",False,"ICHJBT51, ICHJBT08, ICHJBT03, ICHJBT11, ICHJBT20"
161,,225,Caesarea Philippi,,"<p>
	Caesarea Philippi is situated in northern Israel at the foot of Mt. Hermon at one of the five the headwaters of the Jordan River in the northern Huleh Valley.&nbsp; It was originally called Paneas for it was here that the god <a href=""http://holylandphotos.org/control/go.asp?img=INHVCP07dp"">Pan</a> , among others, was worshipped.&nbsp; Today it is called &ldquo;Banias&rdquo; for local Arabs have difficulty pronouncing the &ldquo;p&rdquo; sound in &ldquo;Paneas.&rdquo;</p>
<p>
	In 198 B.C. the Seleucids&mdash;Greek rulers of Syria&mdash; defeated the Ptolemies&mdash;Greek rulers of Egypt&mdash; who had controlled Palestine since roughly 300 B.C.&nbsp; Thus the control of Palestine passed into the hands of the Seleucids.</p>
<p>
	At the death of Herod the Great, in 4 B.C., this city along with various territories in the area were given to his son Philip.&nbsp; In 2 B.C. Philip rebuilt the city and called it &ldquo;Caesarea Philippi&rdquo;&mdash;to distinguish it from <a href=""http://holylandphotos.org/control/go.asp?img=ICSPCM03"" target=""_blank"">Caesarea Maritima</a> .</p>
<p>
	It was here at Caesarea Philippi that Jesus retired from the crowds, and it was here that Peter made his &ldquo;great confession&rdquo; that they believed that Jesus was the &ldquo;Messiah, the son of God&rdquo;&nbsp; (Matt 16:13&ndash;20; Mark 8:27&ndash;30).</p>
",False,"INHVCP04dp, INHVCP07dp, INHVCP05"
162,,452,Dominus Flevit (10 images),,"<p>
	Dominus Flevit is a Roman Catholic Church (compound) located on the upper third of the Mount of Olives overlooking the city of Jerusalem to the west.</p>
<p>
	This church was designed by Antonio Barluzzi and was constructed in the 1950&#39;s.&nbsp; The roof of the church is designed to resemble a &quot;tear drop&quot; &mdash; as the church commemorates Jesus weeping over the city of Jerusalem (Luke 19:41&ndash;44).&nbsp; On each of the four corners of the church are large representations of small glass vessels which were used to catch the tears of mourners in the first century A.D.</p>
",False,"IJNTMLDF35, IJNTMLDF01, IJNTMLDF20, DLPLTRCT01, IJNTMLDF14"
163,,562,Alalakh - Tell Atchana,,"<p>
	Alalakh (Tell Atchana/A&ccedil;&ccedil;ana) is a 54 acre [22 ha.] mound that is located in the southern portion of the Amuq Plain approximately 12 mi. [20 km.] east of Antioch on the Orontes and 30 mi. [47 km.] east of the shore of the Mediterranean Sea.</p>
<p>
	This important site was excavated by Sir Leonard Woolley and more recently by K. Aslihan Yener on behalf of the Turkish Ministry of Culture and Tourism and the Mustafa Kemal University in Antakya/Hatay.</p>
<p>
	It was an important center from roughly 2200&ndash;1200 B.C.&nbsp; The architectural finds as well as large and small finds (including over 550 cuneiform tablets) are abundant!</p>
",False,"TCMCAL01, TCMCAL04, TCMCAL10, TCMCAL21, Alalakhh01"
164,,589,Wild Boar,,"<p>
	Boars are mentioned 22 times in the Bible.&nbsp; They were unclean, and not to be eaten by the ancient Israelites (Lev 22:7; Deut 14:8).&nbsp; In the New Testament there is the famous story about Jesus casting demons into &quot;a herd of swine&quot; that rushed down a steep bank into the sea [of Galilee] (Matt 8:28-34; Mark 8:28&ndash;34; Luke 8:26&ndash;37) and also of the &quot;Prodigal Son&quot; who resorted to eating the pods that the [domesticated] pigs were eating&mdash;in a distant country (Luke 15:11&ndash;32).</p>
",False,"DLANWB02, DLANWB03, DLANWB04"
165,,339,Church of Primacy of Peter,,"<p>
	This small Franciscan chapel is located near&nbsp;<a href=""http://holylandphotos.org/control/go.asp?s=335"" target=""_blank"">Tabgha</a> on the northwestern shore of the Sea of Galilee.&nbsp; The first church was built during the Byzantine Period (fourth century A.D.) to commemorate Jesus feeding his disciples after his resurrection (John 21:1&ndash;24).</p>
",False,"INSGPP08, INSGPP05, INSGPP03, INSGPP07"
166,,65,Alexandria Troas,,"<p>
	Alexandria Troas was an Aegean seaport located in northwestern Turkey.&nbsp; In the New Testament it is mentioned five times as Troas.&nbsp; It was here, on Paul&#39;s second missionary journey, that in a vision he received a call to proceed to Europe (Acts 16:8&ndash;11). Because of the use of &quot;us&quot; it seems that Luke joined Paul and Silas on this portion of the journey.</p>
<p>
	As Paul was traveling from Corinth to Jerusalem at the end of his third journey he stopped in Troas for seven days (Acts 20:6&ndash;12). Acts records that during Paul&#39;s teaching, in an upper room on the third floor of a building, that Eutychus (&quot;Good Luck&quot;) fell to his death - but was revived by Paul! From Troas Paul walked (31.2 mi. [50 km.]) to <a href=""http://holylandphotos.org/control/go.asp?s=55"">Assos</a> where he met up with his traveling companions who had traveled by ship.</p>
<p>
	Alexandria Troas is huge &mdash; about 1,000(!) acres [405 ha.] in size. It is largely unexcavated although in recent years some work has begun at the site; and more is planned for the near future.</p>
",False,"TWNAATNW01, TWNAAT03, TWNAATZZ04"
167,,574,Ephesus Paul and Thecla Cave,,"<p>
	The Grotto of Paul (= Cave of Paul &amp; Thecla) is located on the northern slope of B&uuml;lb&uuml;l Dag, overlooking the site of ancient Ephesus from the south.</p>
<p>
	The interior walls were covered with up to four layers of paintings.&nbsp; The earliest date to the late fourth century A.D. and the latest to the 12/13 th century.</p>
<p>
	On the western wall the painting portrays an event from the apocryphal text sometimes called <em>The Acts of Paul and Thecla</em>.&nbsp; The painting depicts the initial event described in the book, in the city of Iconium, where Thecla is looking from a window [of her house?] at Paul preaching while Thecla&#39;s mother (Theocleia) looks on.&nbsp; Thecla, against the wishes of her mother, Theocleia, gave up her betrothal (engagement) in order to remain a virgin and to follow Paul and eventually to become a preacher herself.</p>
<p>
	The cave was excavated by Dr. Renate Pillinger from the University of Vienna in 1995.</p>
",False,"TWCSEPPT01, TWCSEPPT04, TWCSEPPT03, TWCSEPPT06"
168,,592,Ephesus Terrace Houses,,"<p>
	The Terrace Houses are located on the mountain slope south of Ephesus. The houses featured here are those of&nbsp; Unit 2 that consists of 7 houses covering over 43,000 sq. ft. [4,000 sq. m.]&mdash;almost 1 acre!</p>
<p>
	These residential units were initially built around A.D. 20 and went though a variety of changes until their destruction during the series of earthquakes in the third century A.D.</p>
<p>
	The multi-story houses were built around a peristyle courtyard.&nbsp; Many of the rooms had tiled floors and walls covered with frescos or marble!</p>
",False,"TWCSEPTH60, TWCSEPTH61, TWCSEPTH10"
169,,327,et-Tell/Bethsaida,,"<p>
	et&ndash;Tell is located 1 mi. north of the Sea of Galilee. It is a large 22 acre mound.&nbsp;</p>
<p>
	The site was probably the capital of the kingdom of Geshur&mdash;the place that one of David&rsquo;s wives (the mother of Absalom) was from (2 Sam 3:3; 13&ndash;20-38).&nbsp; The most important archaeological finds are from this period.</p>
<p>
	Its identification with New Testament Bethsaida is possible, but not certain.&nbsp; Bethsaida was the home of Philip, Andrew, and Peter&mdash;disciples of Jesus, and there Jesus performed a number of miracles including the healing of a blind man and the feeding of the 5,000.</p>
",False,"INSGET06, INSGET05, INSGET10"
170,,301,Tabernacle,,"<p>
	The Tabernacle was the religious structure that Moses was commanded to build. It was composed of three parts: a courtyard and a wooden framed tent that had two rooms&mdash;the Holy Place and the Most Holy Place (Holy of Holies; containing the Ark of the Covenant).</p>
<p>
	This life-size near replica of the biblical Tabernacle was constructed under the supervision of Dr. Randall Smith and was located near Kibbutz Almog&mdash;at the northwest end of the Dead Sea.&nbsp; It has been removed.</p>
",False,"DLRLTB03, DLRLTB08, DLRLTB10"
172,,372,The Monastery,,,False,
173,,582,Samothrace,,,False,
174,,141,Fig Trees,,"<p>
	ICHJRR02</p>
",False,"DLPLTRFG01, DLPLTRFG02"
175,,136,Daily Life and Artifacts,,,,
