section_image,section_title,slug,admin_url
536_IFOP201204_400.jpg,2012 April Adult Turkey and Greece,2012-april-adult-turkey-and-greece,https://holy-land-photos.vercel.app/admin/collections/sections/536
PompeiiGroup201901.jpg,2019 Malta To Rome,2019-malta-to-rome,https://holy-land-photos.vercel.app/admin/collections/sections/3696
Quarry201901.jpg,2019 Turkey and Greece,2019-turkey-and-greece,https://holy-land-photos.vercel.app/admin/collections/sections/3695
CarlMaryOlives02.jpg,2024 Exploring Israel Dan to Beersheba,2024-exploring-israel-dan-to-beersheba,https://holy-land-photos.vercel.app/admin/collections/sections/3757
MeteeoraCM551.jpg,2024 Spring Tours to Turkey and Greece,2024-spring-tours-to-turkey-and-greece,https://holy-land-photos.vercel.app/admin/collections/sections/3771
396_ChurchesMap01.jpg,5 Churches of Jerusalem (folder),5-churches-of-jerusalem-folder,https://holy-land-photos.vercel.app/admin/collections/sections/396
474_Abel Beth Maacah 03.jpg,Abel Beth Maacah,abel-beth-maacah,https://holy-land-photos.vercel.app/admin/collections/sections/474
246_GSPLCOAC24_400.jpg,Acrocorinth,acrocorinth,https://holy-land-photos.vercel.app/admin/collections/sections/246
1606_entrance-propylaea.jpg,Acropolis,acropolis,https://holy-land-photos.vercel.app/admin/collections/sections/1606
120_AcropolisMap040226.jpg,Acropolis (7 folders),acropolis-7-folders,https://holy-land-photos.vercel.app/admin/collections/sections/120
AdQuintum.jpg,Ad Quintum,ad-quintum,https://holy-land-photos.vercel.app/admin/collections/sections/3614
569_Adada.jpg,Adada,adada,https://holy-land-photos.vercel.app/admin/collections/sections/569
Adan550b02.jpg,Adana,adana,https://holy-land-photos.vercel.app/admin/collections/sections/3772
IFOP201630(2).jpg,Adult Trips to Turkey and Greece,adult-trips-to-turkey-and-greece,https://holy-land-photos.vercel.app/admin/collections/sections/3622
AeginaMap03.jpg,Aegina,aegina,https://holy-land-photos.vercel.app/admin/collections/sections/79
515_AinDara.jpg,Ain Dara,ain-dara,https://holy-land-photos.vercel.app/admin/collections/sections/515
484_AizanoiMap.jpg,Aizanoi,aizanoi,https://holy-land-photos.vercel.app/admin/collections/sections/484
562_Alalakh.jpg,Alalakh - Tell Atchana,alalakh-tell-atchana,https://holy-land-photos.vercel.app/admin/collections/sections/562
AlbaniaMap.jpg,Albania,albania,https://holy-land-photos.vercel.app/admin/collections/sections/3612
1607_temple-podium-2.jpg,Alexandria Troas: Forum and Area,alexandria-troas-forum-and-area,https://holy-land-photos.vercel.app/admin/collections/sections/1607
AlexandriaTroasMap3.jpg,Alexandria Troas: Harbor and Structures,alexandria-troas-harbor-and-structures,https://holy-land-photos.vercel.app/admin/collections/sections/65
588_TWNAATQR01_400.jpg,Alexandria Troas: Remote Places,alexandria-troas-remote-places,https://holy-land-photos.vercel.app/admin/collections/sections/588
171_AlmondTree040909.jpg,Almond Trees,almond-trees,https://holy-land-photos.vercel.app/admin/collections/sections/171
578_Amisus-Samsun.jpg,Amisus (Samsun),amisus-samsun,https://holy-land-photos.vercel.app/admin/collections/sections/578
252_AmmanMap040216.jpg,Amman,amman,https://holy-land-photos.vercel.app/admin/collections/sections/252
AmphipolisMap.jpg,Amphipolis,amphipolis,https://holy-land-photos.vercel.app/admin/collections/sections/125
596_GNMTAPMU01_400.jpg,Amphipolis Museum,amphipolis-museum,https://holy-land-photos.vercel.app/admin/collections/sections/596
184_AndriakeMap031009.jpg,Andriace (Andriake),andriace-andriake,https://holy-land-photos.vercel.app/admin/collections/sections/184
464_DLANIB01_400.jpg,Animals/Fauna,animalsfauna,https://holy-land-photos.vercel.app/admin/collections/sections/464
392_Ankara01.jpg,Ankara (4 Folders),ankara-4-folders,https://holy-land-photos.vercel.app/admin/collections/sections/392
84_PergeArtifactMap.jpg,Antalya Museum,antalya-museum,https://holy-land-photos.vercel.app/admin/collections/sections/84
550_AntalyaArchMus01.jpg,Antalya Museum  Emperors,antalya-museum-emperors,https://holy-land-photos.vercel.app/admin/collections/sections/550
CaracallaGallery.jpg,Antalya Museum Statues from Caracalla Nymphaeum Perga,antalya-museum-statues-from-caracalla-nymphaeum-perga,https://holy-land-photos.vercel.app/admin/collections/sections/3625
548_Antandros.jpg,Antandros,antandros,https://holy-land-photos.vercel.app/admin/collections/sections/548
AntiochMap02.jpg,Antioch On the Orontes,antioch-on-the-orontes,https://holy-land-photos.vercel.app/admin/collections/sections/345
AOTO-Temple-01.jpg,Antioch Temple Plus,antioch-temple-plus,https://holy-land-photos.vercel.app/admin/collections/sections/3784
haram-esh-sharif-1-.jpg,Antonia & North,antonia-north,https://holy-land-photos.vercel.app/admin/collections/sections/317
AphrodisiasMuseum01.jpg,Aphrodisias Museum,aphrodisias-museum,https://holy-land-photos.vercel.app/admin/collections/sections/3722
Aphrodisias.jpg,Aphrodisias Theater And Stadium,aphrodisias-theater-and-stadium,https://holy-land-photos.vercel.app/admin/collections/sections/3719
three_taverns.jpg,Appian Way 2,appian-way-2,https://holy-land-photos.vercel.app/admin/collections/sections/3756
AqueductPowers.jpg,Aqueducts to Jerusalem,aqueducts-to-jerusalem,https://holy-land-photos.vercel.app/admin/collections/sections/3631
AradMap3.jpg,Arad (Citadel),arad-citadel,https://holy-land-photos.vercel.app/admin/collections/sections/100
64_AradMap040920.jpg,Arad (Early Bronze),arad-early-bronze,https://holy-land-photos.vercel.app/admin/collections/sections/64
445_ArbelMap.jpg,Arbel Cliffs,arbel-cliffs,https://holy-land-photos.vercel.app/admin/collections/sections/445
446_ArbelMap.jpg,Arbel Synagogue,arbel-synagogue,https://holy-land-photos.vercel.app/admin/collections/sections/446
414_JNAMMU01_400.jpg,Archaeological Museum,archaeological-museum,https://holy-land-photos.vercel.app/admin/collections/sections/414
384_PriestMap01.jpg,Armenians 5 images,armenians-5-images,https://holy-land-photos.vercel.app/admin/collections/sections/384
520_JNIEAQA02_400.jpg,Arrival of the Greeks,arrival-of-the-greeks,https://holy-land-photos.vercel.app/admin/collections/sections/520
ArtemisPict.jpg,Artemis Room,artemis-room,https://holy-land-photos.vercel.app/admin/collections/sections/90
268_IsthmiaArtifactsMap.jpg,Artifacts,artifacts,https://holy-land-photos.vercel.app/admin/collections/sections/268
415_JNAMMUAR01_400.jpg,Artifacts,artifacts-415,https://holy-land-photos.vercel.app/admin/collections/sections/415
MOAC02.jpg,Artifacts from Carchemish,artifacts-from-carchemish,https://holy-land-photos.vercel.app/admin/collections/sections/3782
533_GSPLCOAS02_400.jpg,Asclepion,asclepion,https://holy-land-photos.vercel.app/admin/collections/sections/533
354_AshqelonMap050730jpg.jpg,Ashqelon,ashqelon,https://holy-land-photos.vercel.app/admin/collections/sections/354
AspendosMap3.jpg,Aspendos,aspendos,https://holy-land-photos.vercel.app/admin/collections/sections/61
573_AssosAgoraHarbor.jpg,Assos: Agora  Necropolis  Theater,assos-agora-necropolis-theater,https://holy-land-photos.vercel.app/admin/collections/sections/573
AssosMap2.jpg,Assos: Citadel  Temple of Athena  Harbor,assos-citadel-temple-of-athena-harbor,https://holy-land-photos.vercel.app/admin/collections/sections/55
AthensMap.jpg,Athens (11 folders),athens-11-folders,https://holy-land-photos.vercel.app/admin/collections/sections/35
127_GSATPL06_400.jpg,Athens Roman Forum Area,athens-roman-forum-area,https://holy-land-photos.vercel.app/admin/collections/sections/127
271_NikeExhibitMap.jpg,Athletic Images 23,athletic-images-23,https://holy-land-photos.vercel.app/admin/collections/sections/271
347_AttaliaMap050329.jpg,Attalia/Antalya,attaliaantalya,https://holy-land-photos.vercel.app/admin/collections/sections/347
423_AvedatMap01.jpg,Avdat (Oboda),avdat-oboda,https://holy-land-photos.vercel.app/admin/collections/sections/423
535_ISNHAVCH01_400.jpg,Avdat Churches,avdat-churches,https://holy-land-photos.vercel.app/admin/collections/sections/535
225_BaniasMap031216.jpg,Banias Roman City,banias-roman-city,https://holy-land-photos.vercel.app/admin/collections/sections/3762
572_Baram.jpg,Baram,baram,https://holy-land-photos.vercel.app/admin/collections/sections/572
551_TWIBC01_400.jpg,Basilica Cistern Istanbul,basilica-cistern-istanbul,https://holy-land-photos.vercel.app/admin/collections/sections/551
158_BedouinMap.jpg,Bedouin,bedouin,https://holy-land-photos.vercel.app/admin/collections/sections/158
278_BeehiveTombsMap.jpg,Beehive Tombs,beehive-tombs,https://holy-land-photos.vercel.app/admin/collections/sections/278
BeershebaMap3.jpg,Beersheba (Beer Sheva),beersheba-beer-sheva,https://holy-land-photos.vercel.app/admin/collections/sections/113
BereaMap4.jpg,Berea (Verria),berea-verria,https://holy-land-photos.vercel.app/admin/collections/sections/116
Bet-Alpha.jpg,Bet Alpha Synagogue,bet-alpha-synagogue,https://holy-land-photos.vercel.app/admin/collections/sections/3750
BethGuvrin11.jpg,Beth Guvrin - Elutheropolis,beth-guvrin-elutheropolis,https://holy-land-photos.vercel.app/admin/collections/sections/3726
BethShan02.jpg,Beth Shan the Tel,beth-shan-the-tel,https://holy-land-photos.vercel.app/admin/collections/sections/3761
BethShanMarked640.jpg,Beth Shan/Scythopolis Lower City,beth-shanscythopolis-lower-city,https://holy-land-photos.vercel.app/admin/collections/sections/3620
BethShan02.jpg,Beth Shan/Scythopolis Theater and Amphitheater,beth-shanscythopolis-theater-and-amphitheater,https://holy-land-photos.vercel.app/admin/collections/sections/3619
462_BethShemesh.jpg,Beth Shemesh,beth-shemesh,https://holy-land-photos.vercel.app/admin/collections/sections/462
308_BBTJMap041006.jpg,Bethany Beyond the Jordan,bethany-beyond-the-jordan,https://holy-land-photos.vercel.app/admin/collections/sections/308
BethlehemMap2.jpg,Bethlehem Church of the Nativity,bethlehem-church-of-the-nativity,https://holy-land-photos.vercel.app/admin/collections/sections/104
605_ICHJSF06_400.jpg,Bethlehem Shepherds' Field,bethlehem-shepherds-field,https://holy-land-photos.vercel.app/admin/collections/sections/605
BethsaidaElAraj02.jpg,Bethsaida el-Araj,bethsaida-el-araj,https://holy-land-photos.vercel.app/admin/collections/sections/3708
BiblicalNegevMap3.jpg,Biblical Negev,biblical-negev,https://holy-land-photos.vercel.app/admin/collections/sections/25
223_BosphorusMap031211.jpg,Bosphorus,bosphorus,https://holy-land-photos.vercel.app/admin/collections/sections/223
355_AshqelonForumMap1.jpg,Bouleuterion/Forum,bouleuterionforum,https://holy-land-photos.vercel.app/admin/collections/sections/355
BritishMuseum01.jpg,British Museum,british-museum,https://holy-land-photos.vercel.app/admin/collections/sections/3686
IJOCATAG01(1).jpg,Broad (Avigad's) Wall,broad-avigads-wall,https://holy-land-photos.vercel.app/admin/collections/sections/379
294_LowLevelMap040927.jpg,Caesarea Aqueduct  Low Level,caesarea-aqueduct-low-level,https://holy-land-photos.vercel.app/admin/collections/sections/294
441_ICSPCMEH02_400.jpg,Caesarea East Hippodrome,caesarea-east-hippodrome,https://holy-land-photos.vercel.app/admin/collections/sections/441
288_CaesareaMap01.jpg,Caesarea Maritima Introduction,caesarea-maritima-introduction,https://holy-land-photos.vercel.app/admin/collections/sections/288
554_ICSPCMMI02_400.jpg,Caesarea Mithraeum,caesarea-mithraeum,https://holy-land-photos.vercel.app/admin/collections/sections/554
296_CMARMap040902.jpg,Caesarea Museum Artifacts,caesarea-museum-artifacts,https://holy-land-photos.vercel.app/admin/collections/sections/296
RomanPalestineNorth. New Trial 01 33.jpg,Caesarea Philippi,caesarea-philippi,https://holy-land-photos.vercel.app/admin/collections/sections/225
290_PromPalaceMap1.jpg,Caesarea Promontory Palace,caesarea-promontory-palace,https://holy-land-photos.vercel.app/admin/collections/sections/290
289_CircusMap040928.jpg,Caesarea Seaside Circus/Hippodrome,caesarea-seaside-circushippodrome,https://holy-land-photos.vercel.app/admin/collections/sections/289
302_AugustusTempleMap040928.jpg,Caesarea Temple of Augustus and Roma,caesarea-temple-of-augustus-and-roma,https://holy-land-photos.vercel.app/admin/collections/sections/302
323_Calvary050306.jpg,Calvary 15 images,calvary-15-images,https://holy-land-photos.vercel.app/admin/collections/sections/323
297_CamelMap040909.jpg,Camels,camels,https://holy-land-photos.vercel.app/admin/collections/sections/297
CanaMap030817.jpg,Cana of Galilee,cana-of-galilee,https://holy-land-photos.vercel.app/admin/collections/sections/134
CapernaumMap2.jpg,Capernaum,capernaum,https://holy-land-photos.vercel.app/admin/collections/sections/37
Capernaum1.jpg,Capernaum—Greek Orthodox,capernaumgreek-orthodox,https://holy-land-photos.vercel.app/admin/collections/sections/3747
EuphratesRegion03.jpg,Carchemish,carchemish,https://holy-land-photos.vercel.app/admin/collections/sections/3780
470_IJNTMOCG03_400.jpg,Cave of Gethsemane (5 images),cave-of-gethsemane-5-images,https://holy-land-photos.vercel.app/admin/collections/sections/470
480_Bcharee-02.jpg,Cedars of Lebanon,cedars-of-lebanon,https://holy-land-photos.vercel.app/admin/collections/sections/480
251_CenchreaeMap040215.jpg,Cenchreae,cenchreae,https://holy-land-photos.vercel.app/admin/collections/sections/251
IsraelCentral2.jpg,Central,central,https://holy-land-photos.vercel.app/admin/collections/sections/6
198_CentralMap0311031.jpg,Central,central-198,https://holy-land-photos.vercel.app/admin/collections/sections/198
AegeanSCMap2.jpg,Central & Southern Aegean,central-southern-aegean,https://holy-land-photos.vercel.app/admin/collections/sections/23
PergeTarsusPA.jpg,Central Turkey,central-turkey,https://holy-land-photos.vercel.app/admin/collections/sections/8
409_YazChamATemp.jpg,Chamber A,chamber-a,https://holy-land-photos.vercel.app/admin/collections/sections/409
408_ChamberBTemp.jpg,Chamber B,chamber-b,https://holy-land-photos.vercel.app/admin/collections/sections/408
385_AdamMap.jpg,Chapel of Adam 2 images,chapel-of-adam-2-images,https://holy-land-photos.vercel.app/admin/collections/sections/385
383_HellenaMap.jpg,Chapel of Saint Helena 7 images,chapel-of-saint-helena-7-images,https://holy-land-photos.vercel.app/admin/collections/sections/383
382_TrueCrossMap1.jpg,Chapel of True Cross 5 images,chapel-of-true-cross-5-images,https://holy-land-photos.vercel.app/admin/collections/sections/382
321_HolySepulcherMap041031.jpg,Church of Holy Sepulcher (12 folders),church-of-holy-sepulcher-12-folders,https://holy-land-photos.vercel.app/admin/collections/sections/321
454_IJNTMLMM05_400.jpg,Church of Mary Magdalene 11 images,church-of-mary-magdalene-11-images,https://holy-land-photos.vercel.app/admin/collections/sections/454
339_PrimacyMap050217.jpg,Church of Primacy of Peter,church-of-primacy-of-peter,https://holy-land-photos.vercel.app/admin/collections/sections/339
OldCity03.jpg,Church of Saint John the Baptist,church-of-saint-john-the-baptist,https://holy-land-photos.vercel.app/admin/collections/sections/2612
402_GadaraChurchMap1.jpg,Churches,churches,https://holy-land-photos.vercel.app/admin/collections/sections/402
CilicianGates04.jpg,Cilician Gates (10 images),cilician-gates-10-images,https://holy-land-photos.vercel.app/admin/collections/sections/70
166_CisternMap.jpg,Cistern,cistern,https://holy-land-photos.vercel.app/admin/collections/sections/166
253_CitadelMap040216.jpg,Citadel,citadel,https://holy-land-photos.vercel.app/admin/collections/sections/253
280_MycenaeCitadelMap.jpg,Citadel,citadel-280,https://holy-land-photos.vercel.app/admin/collections/sections/280
350_CitadelJaffaGate.jpg,Citadel at Jaffa Gate (folder),citadel-at-jaffa-gate-folder,https://holy-land-photos.vercel.app/admin/collections/sections/350
352_DavidTower050509.jpg,Citadel Museum,citadel-museum,https://holy-land-photos.vercel.app/admin/collections/sections/352
CityofDavid.jpg,City of David  Views TO,city-of-david-views-to,https://holy-land-photos.vercel.app/admin/collections/sections/93
ColossaeMap3.jpg,Colossae,colossae,https://holy-land-photos.vercel.app/admin/collections/sections/62
386_CopticPriestMap.jpg,Coptic Chapels 4 images,coptic-chapels-4-images,https://holy-land-photos.vercel.app/admin/collections/sections/386
ErastusArtifact.jpg,Corinth Artifacts,corinth-artifacts,https://holy-land-photos.vercel.app/admin/collections/sections/95
CorinthMap03.jpg,Corinth Introduction,corinth-introduction,https://holy-land-photos.vercel.app/admin/collections/sections/74
239_CorinthMap040216.jpg,Corinth Site,corinth-site,https://holy-land-photos.vercel.app/admin/collections/sections/239
250_PelopMap040216.jpg,Corinthian Canal,corinthian-canal,https://holy-land-photos.vercel.app/admin/collections/sections/250
226_CreteMap031225.jpg,Crete,crete,https://holy-land-photos.vercel.app/admin/collections/sections/226
566_Cyclades-07.jpg,Cyclades Islands,cyclades-islands,https://holy-land-photos.vercel.app/admin/collections/sections/566
419_CyprusMap02.jpg,Cyprus,cyprus,https://holy-land-photos.vercel.app/admin/collections/sections/419
561_IJHRLO06_400.jpg,Daily Life,daily-life,https://holy-land-photos.vercel.app/admin/collections/sections/561
136_DailyLife040910Map.jpg,Daily Life and Artifacts,daily-life-and-artifacts,https://holy-land-photos.vercel.app/admin/collections/sections/136
DanMap3.jpg,Dan,dan,https://holy-land-photos.vercel.app/admin/collections/sections/77
219_TreesMap040909.jpg,Date Palms,date-palms,https://holy-land-photos.vercel.app/admin/collections/sections/219
516_ICSHGZ10_400.jpg,David and Solomon 138–149,david-and-solomon-138149,https://holy-land-photos.vercel.app/admin/collections/sections/516
175_DeadSeaMap030928.jpg,Dead Sea,dead-sea,https://holy-land-photos.vercel.app/admin/collections/sections/175
479_Deir-Aziz.jpg,Deir Aziz,deir-aziz,https://holy-land-photos.vercel.app/admin/collections/sections/479
567_DelosMap.jpg,Delos Synagogue,delos-synagogue,https://holy-land-photos.vercel.app/admin/collections/sections/567
262_DelphiArtifactMap040313.jpg,Delphi: Artifacts,delphi-artifacts,https://holy-land-photos.vercel.app/admin/collections/sections/262
261_CharioteerMap040313.jpg,Delphi: Charioteer,delphi-charioteer,https://holy-land-photos.vercel.app/admin/collections/sections/261
264_MarmariaMap040322.jpg,Delphi: Lower Area,delphi-lower-area,https://holy-land-photos.vercel.app/admin/collections/sections/264
265_GCTCDLSI02_400.jpg,Delphi: Site,delphi-site,https://holy-land-photos.vercel.app/admin/collections/sections/265
259_DelphiStadMap040313jpg.jpg,Delphi: Stadium,delphi-stadium,https://holy-land-photos.vercel.app/admin/collections/sections/259
260_DelphiTheaterMap040313.jpg,Delphi: Theater,delphi-theater,https://holy-land-photos.vercel.app/admin/collections/sections/260
Derbe550.jpg,Derbe,derbe,https://holy-land-photos.vercel.app/admin/collections/sections/56
DhahrMirzbanehMap3.jpg,Dhahr Mirzbaneh (Ein Samiya),dhahr-mirzbaneh-ein-samiya,https://holy-land-photos.vercel.app/admin/collections/sections/87
364_DTCarlMap.jpg,Diagonal Tunnel,diagonal-tunnel,https://holy-land-photos.vercel.app/admin/collections/sections/364
DidymaMap3.jpg,Didyma,didyma,https://holy-land-photos.vercel.app/admin/collections/sections/78
247_DiolkosMap040215.jpg,Diolkos,diolkos,https://holy-land-photos.vercel.app/admin/collections/sections/247
532_Atlas259_400.jpg,Disciplines of Historical Geography 254-262,disciplines-of-historical-geography-254-262,https://holy-land-photos.vercel.app/admin/collections/sections/532
517_ISBNAR61_400.jpg,Divided Monarchy 150–164,divided-monarchy-150164,https://holy-land-photos.vercel.app/admin/collections/sections/517
348_DodecaneseMap050421a.jpg,Dodecanese Islands,dodecanese-islands,https://holy-land-photos.vercel.app/admin/collections/sections/348
318_DomeRockMap050526.jpg,Dome of the Rock & Central,dome-of-the-rock-central,https://holy-land-photos.vercel.app/admin/collections/sections/318
452_IJNTMLDF01_400.jpg,Dominus Flevit 15 images,dominus-flevit-15-images,https://holy-land-photos.vercel.app/admin/collections/sections/452
546_INSGDD06_400.jpg,Domus Galilaeae,domus-galilaeae,https://holy-land-photos.vercel.app/admin/collections/sections/546
AlbaniaDurresMuseum01.jpg,Durres Museum,durres-museum,https://holy-land-photos.vercel.app/admin/collections/sections/3616
524_IJNTWW10_400.jpg,Early Church 216-223,early-church-216-223,https://holy-land-photos.vercel.app/admin/collections/sections/524
522_IJNTMDTB03_400.jpg,Early Roman Rule 197-204,early-roman-rule-197-204,https://holy-land-photos.vercel.app/admin/collections/sections/522
wadi-suweinit.jpg,Eastern Benjamin,eastern-benjamin,https://holy-land-photos.vercel.app/admin/collections/sections/1608
390_EastHillMap.jpg,Eastern Hill,eastern-hill,https://holy-land-photos.vercel.app/admin/collections/sections/390
EasternTurkey3.jpg,Eastern Turkey,eastern-turkey,https://holy-land-photos.vercel.app/admin/collections/sections/10
450_Eflatunpinar.jpg,Eflatunpinar,eflatunpinar,https://holy-land-photos.vercel.app/admin/collections/sections/450
498_AtlasB67_400.jpg,Egypt - Zondervan Atlas 65-71,egypt-zondervan-atlas-65-71,https://holy-land-photos.vercel.app/admin/collections/sections/498
499_AtlasA85_400.jpg,Egypt (3 folders),egypt-3-folders,https://holy-land-photos.vercel.app/admin/collections/sections/499
456_En-Avedat2.jpg,Ein Avdat,ein-avdat,https://holy-land-photos.vercel.app/admin/collections/sections/456
315_el-AqsaMap041111.jpg,El Aqsa & South,el-aqsa-south,https://holy-land-photos.vercel.app/admin/collections/sections/315
538_endor.jpg,En Dor,en-dor,https://holy-land-photos.vercel.app/admin/collections/sections/538
413_EnGediMap.jpg,En Gedi,en-gedi,https://holy-land-photos.vercel.app/admin/collections/sections/413
TWCSEP32(1).jpg,Ephesus Area,ephesus-area,https://holy-land-photos.vercel.app/admin/collections/sections/3689
model.jpg,Ephesus Basilica of St John,ephesus-basilica-of-st-john,https://holy-land-photos.vercel.app/admin/collections/sections/3621
EphesusMap2.jpg,Ephesus Lower City,ephesus-lower-city,https://holy-land-photos.vercel.app/admin/collections/sections/89
574_TWCSEPPT04_400.jpg,Ephesus Paul and Thecla Cave,ephesus-paul-and-thecla-cave,https://holy-land-photos.vercel.app/admin/collections/sections/574
592_TerraceHouse02.jpg,Ephesus Terrace Houses,ephesus-terrace-houses,https://holy-land-photos.vercel.app/admin/collections/sections/592
273_EpidaurusMap040413.jpg,Epidaurus,epidaurus,https://holy-land-photos.vercel.app/admin/collections/sections/273
276_EpidaurusArtifactsMap.jpg,Epidaurus Artifacts,epidaurus-artifacts,https://holy-land-photos.vercel.app/admin/collections/sections/276
274_EpidaurusSiteMap.jpg,Epidaurus Site,epidaurus-site,https://holy-land-photos.vercel.app/admin/collections/sections/274
240_ErechtheionMap040208.jpg,Erechtheion,erechtheion,https://holy-land-photos.vercel.app/admin/collections/sections/240
et-TellMap.jpg,et-Tell (Ai?),et-tell-ai,https://holy-land-photos.vercel.app/admin/collections/sections/88
327_et-TellMap041101.jpg,et-Tell/Geshur/Bethsaida,et-tellgeshurbethsaida,https://holy-land-photos.vercel.app/admin/collections/sections/327
380_EthiopianChapelMap.jpg,Ethiopians 6 images,ethiopians-6-images,https://holy-land-photos.vercel.app/admin/collections/sections/380
Euphrates3.jpg,Euphrates River,euphrates-river,https://holy-land-photos.vercel.app/admin/collections/sections/66
EuromosMap2.jpg,Euromos (Temple of Zeus),euromos-temple-of-zeus,https://holy-land-photos.vercel.app/admin/collections/sections/80
519_TWMRISAO01_400.jpg,Exile and Return 172-179,exile-and-return-172-179,https://holy-land-photos.vercel.app/admin/collections/sections/519
510_Atlas105_400.jpg,Exodus and Conquest 100-112,exodus-and-conquest-100-112,https://holy-land-photos.vercel.app/admin/collections/sections/510
322_DomesHS050306.jpg,Exterior of Church of the Holy Sepulcher 5 images,exterior-of-church-of-the-holy-sepulcher-5-images,https://holy-land-photos.vercel.app/admin/collections/sections/322
229_FHavensMap031225.jpg,Fair Havens,fair-havens,https://holy-land-photos.vercel.app/admin/collections/sections/229
1.asp,Fig Trees,fig-trees,https://holy-land-photos.vercel.app/admin/collections/sections/141
401_GadaraNympMap.jpg,Gadara  - General,gadara-general,https://holy-land-photos.vercel.app/admin/collections/sections/401
GalileeBoat.jpg,Galilee (Jesus) Boat,galilee-jesus-boat,https://holy-land-photos.vercel.app/admin/collections/sections/105
430_GamalaMap01.jpg,Gamala,gamala,https://holy-land-photos.vercel.app/admin/collections/sections/430
46_GarTombExtL.jpg,Garden Tomb & Gordon's Calvary,garden-tomb-gordons-calvary,https://holy-land-photos.vercel.app/admin/collections/sections/46
358_MBIIGateMap.jpg,Gate & Glacis,gate-glacis,https://holy-land-photos.vercel.app/admin/collections/sections/358
IJNTGW01_240.jpg,Gates Of the Old City,gates-of-the-old-city,https://holy-land-photos.vercel.app/admin/collections/sections/71
453_IJNTMLGN30_400.jpg,General Images 3 Images,general-images-3-images,https://holy-land-photos.vercel.app/admin/collections/sections/453
492_AtlasCover01.jpg,Geography of Israel and Jordan — Zondervan Atlas 21–64,geography-of-israel-and-jordan-zondervan-atlas-2164,https://holy-land-photos.vercel.app/admin/collections/sections/492
221_JarashMap031216.jpg,Gerasa/Jarash,gerasajarash,https://holy-land-photos.vercel.app/admin/collections/sections/221
579_Gergasa.jpg,Gergesa/Kursi,gergesakursi,https://holy-land-photos.vercel.app/admin/collections/sections/579
42_GethsemaneMap071904.jpg,Gethsemane,gethsemane,https://holy-land-photos.vercel.app/admin/collections/sections/42
GezerMap.jpg,Gezer,gezer,https://holy-land-photos.vercel.app/admin/collections/sections/122
431_GibeonMap.jpg,Gibeon,gibeon,https://holy-land-photos.vercel.app/admin/collections/sections/431
365_PoolTowerMap29.jpg,Gihon Pool System,gihon-pool-system,https://holy-land-photos.vercel.app/admin/collections/sections/365
361_GihonMap050816.jpg,Gihon Spring,gihon-spring,https://holy-land-photos.vercel.app/admin/collections/sections/361
575_GobekliTepe.jpg,Göbekli Tepe,göbekli-tepe,https://holy-land-photos.vercel.app/admin/collections/sections/575
GolanHeightsMap2.jpg,Golan (4 folders),golan-4-folders,https://holy-land-photos.vercel.app/admin/collections/sections/18
GolanHeightsMap2.jpg,Golan/Bashan Views,golanbashan-views,https://holy-land-photos.vercel.app/admin/collections/sections/73
230_GortynaMap031226.jpg,Gortyna,gortyna,https://holy-land-photos.vercel.app/admin/collections/sections/230
Greece1.jpg,Greece,greece,https://holy-land-photos.vercel.app/admin/collections/sections/4
257_DelphiMap040313.jpg,Greece Central,greece-central,https://holy-land-photos.vercel.app/admin/collections/sections/257
MacedoniaMap031.jpg,Greece North,greece-north,https://holy-land-photos.vercel.app/admin/collections/sections/13
South.jpg,Greece South,greece-south,https://holy-land-photos.vercel.app/admin/collections/sections/11
123_GSATAG03_400.jpg,Greek (Classical) Agora,greek-classical-agora,https://holy-land-photos.vercel.app/admin/collections/sections/123
381_CatholiconTemp.jpg,Greek Catholicon 8 images,greek-catholicon-8-images,https://holy-land-photos.vercel.app/admin/collections/sections/381
12_IslandsMap.jpg,Greek Islands,greek-islands,https://holy-land-photos.vercel.app/admin/collections/sections/12
204_HagiaSMap0311082.jpg,Hagia Sophia Istanbul,hagia-sophia-istanbul,https://holy-land-photos.vercel.app/admin/collections/sections/204
328_HaluqimMap041102.jpg,Haluqim,haluqim,https://holy-land-photos.vercel.app/admin/collections/sections/328
Tiberias.jpg,Hammat Tiberias,hammat-tiberias,https://holy-land-photos.vercel.app/admin/collections/sections/3730
HaranMap23.jpg,Haran,haran,https://holy-land-photos.vercel.app/admin/collections/sections/67
443_HarodValley.jpg,Harod Valley,harod-valley,https://holy-land-photos.vercel.app/admin/collections/sections/443
Hattusha-01.jpg,Hattusha Hattusas,hattusha-hattusas,https://holy-land-photos.vercel.app/admin/collections/sections/3777
HazorMap.jpg,Hazor,hazor,https://holy-land-photos.vercel.app/admin/collections/sections/103
599_INHVHZAR02_400(1).jpg,Hazor Artifacts,hazor-artifacts,https://holy-land-photos.vercel.app/admin/collections/sections/599
568_HazorPalace02.jpg,Hazor Recent Excavations,hazor-recent-excavations,https://holy-land-photos.vercel.app/admin/collections/sections/568
86_HebronMap3.jpg,Hebron,hebron,https://holy-land-photos.vercel.app/admin/collections/sections/86
Pompeii.jpg,Herculaneum,herculaneum,https://holy-land-photos.vercel.app/admin/collections/sections/3646
388_TempleMap01.jpg,Herodian Temple,herodian-temple,https://holy-land-photos.vercel.app/admin/collections/sections/388
38_HerodiumMap050220.jpg,Herodium,herodium,https://holy-land-photos.vercel.app/admin/collections/sections/38
418_ICHJHRHT10_400.jpg,Herodium - Herod's Tomb,herodium-herods-tomb,https://holy-land-photos.vercel.app/admin/collections/sections/418
ICHJHRTH13(1).jpg,Herodium Theater & Staircase,herodium-theater-staircase,https://holy-land-photos.vercel.app/admin/collections/sections/3763
Melissa.jpg,Hezekiah's Tunnel,hezekiahs-tunnel,https://holy-land-photos.vercel.app/admin/collections/sections/97
363_HezMelissa050827.jpg,Hezekiah's Tunnel,hezekiahs-tunnel-363,https://holy-land-photos.vercel.app/admin/collections/sections/363
192_HierapolisMap031026.jpg,Hierapolis Introduction,hierapolis-introduction,https://holy-land-photos.vercel.app/admin/collections/sections/192
196_TWCSHR73_400.jpg,Hierapolis Necropolis,hierapolis-necropolis,https://holy-land-photos.vercel.app/admin/collections/sections/196
194_HierapolisGeneral031030.jpg,Hierapolis the Site,hierapolis-the-site,https://holy-land-photos.vercel.app/admin/collections/sections/194
195_HierapolisTheater031030.jpg,Hierapolis Theater,hierapolis-theater,https://holy-land-photos.vercel.app/admin/collections/sections/195
476_TWCSHRMP13_400.jpg,Hierapolis Tomb Church and Martyrium of Philip,hierapolis-tomb-church-and-martyrium-of-philip,https://holy-land-photos.vercel.app/admin/collections/sections/476
512_Atlas102_400.jpg,Hieroglyphic Inscriptions,hieroglyphic-inscriptions,https://holy-land-photos.vercel.app/admin/collections/sections/512
33_Benjamin-Map-01.jpg,Hill Country of Benjamin,hill-country-of-benjamin,https://holy-land-photos.vercel.app/admin/collections/sections/33
32_Ephraim02.jpg,Hill Country of Ephraim,hill-country-of-ephraim,https://holy-land-photos.vercel.app/admin/collections/sections/32
HCJudah.jpg,Hill Country of Judah,hill-country-of-judah,https://holy-land-photos.vercel.app/admin/collections/sections/15
169_HCJudahMap030923.jpg,Hill Country of Judah Views,hill-country-of-judah-views,https://holy-land-photos.vercel.app/admin/collections/sections/169
438_HCManassehMap01.jpg,Hill Country of Manasseh/Samaria (5 folders),hill-country-of-manassehsamaria-5-folders,https://holy-land-photos.vercel.app/admin/collections/sections/438
KetefHinnomKids.jpg,Hinnom Valley OT Tombs,hinnom-valley-ot-tombs,https://holy-land-photos.vercel.app/admin/collections/sections/98
hippodrome.jpg,Hippodrome Istanbul,hippodrome-istanbul,https://holy-land-photos.vercel.app/admin/collections/sections/224
151_FourHouseMap041103.jpg,Houses,houses,https://holy-land-photos.vercel.app/admin/collections/sections/151
HulehValleyMap2.jpg,Huleh Valley,huleh-valley,https://holy-land-photos.vercel.app/admin/collections/sections/29
Iconiuim.jpg,Iconium (Konya),iconium-konya,https://holy-land-photos.vercel.app/admin/collections/sections/58
525_Yunuslar.jpg,Iconium to Pisidian Antioch,iconium-to-pisidian-antioch,https://holy-land-photos.vercel.app/admin/collections/sections/525
CultRoom01.jpg,Imperial Cult Room,imperial-cult-room,https://holy-land-photos.vercel.app/admin/collections/sections/3682
216_KalbInsc031201.jpg,Inscriptions,inscriptions,https://holy-land-photos.vercel.app/admin/collections/sections/216
337_GezerMap.jpg,Inscriptions Archaeology Museum Istanbul,inscriptions-archaeology-museum-istanbul,https://holy-land-photos.vercel.app/admin/collections/sections/337
326_Arimathia050306.jpg,Interesting Places (8 images),interesting-places-8-images,https://holy-land-photos.vercel.app/admin/collections/sections/326
490_Atlas16_400.jpg,Introduction to the Middle East as a Whole,introduction-to-the-middle-east-as-a-whole-490,https://holy-land-photos.vercel.app/admin/collections/sections/490
208_a TyrusMap031114.jpg,Iraq el–Amir,iraq-elamir,https://holy-land-photos.vercel.app/admin/collections/sections/208
152_FourHouseMap041103.jpg,Iron Age,iron-age,https://holy-land-photos.vercel.app/admin/collections/sections/152
153_OvensMap041103.jpg,Iron Age Household Items,iron-age-household-items,https://holy-land-photos.vercel.app/admin/collections/sections/153
IsraelNCS3.jpg,Israel,israel,https://holy-land-photos.vercel.app/admin/collections/sections/2
IJIMIMGN01(1).jpg,Israel Museum and Yad VaShem (5 folders),israel-museum-and-yad-vashem-5-folders,https://holy-land-photos.vercel.app/admin/collections/sections/333
IstanbulMap031105.jpg,Istanbul and Marmara Region,istanbul-and-marmara-region,https://holy-land-photos.vercel.app/admin/collections/sections/202
266_IsthmiaMap040405.jpg,Isthmia (2 folders),isthmia-2-folders,https://holy-land-photos.vercel.app/admin/collections/sections/266
267_IsthmiaSiteMap.jpg,Isthmia Site,isthmia-site,https://holy-land-photos.vercel.app/admin/collections/sections/267
269_ItalyMap040411.jpg,Italy,italy,https://holy-land-photos.vercel.app/admin/collections/sections/269
508_Jabbok-River-03.jpg,Jabbok River Area,jabbok-river-area,https://holy-land-photos.vercel.app/admin/collections/sections/508
218_JarashMap031202jpg.jpg,Jarash General,jarash-general,https://holy-land-photos.vercel.app/admin/collections/sections/218
51_IJNTJA01_400.jpg,Jason's Tomb,jasons-tomb,https://holy-land-photos.vercel.app/admin/collections/sections/51
565_Jericho-NT.jpg,Jericho NT,jericho-nt,https://holy-land-photos.vercel.app/admin/collections/sections/565
40_JerichoOTMap040920.jpg,Jericho OT,jericho-ot,https://holy-land-photos.vercel.app/admin/collections/sections/40
JerusalemMap2.jpg,Jerusalem (65 folders!),jerusalem-65-folders,https://holy-land-photos.vercel.app/admin/collections/sections/19
528_Atlas240_400.jpg,Jerusalem 240-253,jerusalem-240-253,https://holy-land-photos.vercel.app/admin/collections/sections/528
539_jezreel.jpg,Jezreel (city),jezreel-city,https://holy-land-photos.vercel.app/admin/collections/sections/539
JezreelValleyMap2.jpg,Jezreel Valley (5 folders),jezreel-valley-5-folders,https://holy-land-photos.vercel.app/admin/collections/sections/24
JezreelValleyMap01.jpg,Jezreel Valley Views,jezreel-valley-views,https://holy-land-photos.vercel.app/admin/collections/sections/493
Joppa.jpg,Joppa/Jaffa,joppajaffa,https://holy-land-photos.vercel.app/admin/collections/sections/3672
197_JordanMap0311032.jpg,Jordan,jordan,https://holy-land-photos.vercel.app/admin/collections/sections/197
JerichoOT.jpg,Jordan Valley,jordan-valley,https://holy-land-photos.vercel.app/admin/collections/sections/17
467_Jotapata.jpg,Jotapata,jotapata,https://holy-land-photos.vercel.app/admin/collections/sections/467
526_TWNAAS13_400.jpg,Journeys of Paul 224-234,journeys-of-paul-224-234,https://holy-land-photos.vercel.app/admin/collections/sections/526
518_IJOTIT06_400.jpg,Judah Alone 165-171,judah-alone-165-171,https://holy-land-photos.vercel.app/admin/collections/sections/518
KatzrinMap3.jpg,K/Qatzrin Qasrin,kqatzrin-qasrin,https://holy-land-photos.vercel.app/admin/collections/sections/41
504_Kadesh.jpg,Kadesh on the Orontes,kadesh-on-the-orontes,https://holy-land-photos.vercel.app/admin/collections/sections/504
412_KathismaMap02.jpg,Kathisma Church,kathisma-church,https://holy-land-photos.vercel.app/admin/collections/sections/412
448_KedeshMap.jpg,Kedesh,kedesh,https://holy-land-photos.vercel.app/admin/collections/sections/448
Rai-Map.jpg,Kh al–Ra'i,kh-alrai,https://holy-land-photos.vercel.app/admin/collections/sections/3673
434_QeiyafaMap.jpg,Kh. Qeiyafa,kh-qeiyafa,https://holy-land-photos.vercel.app/admin/collections/sections/434
481_Amud 06.jpg,Khirbet Umm el–Amud Synagogue,khirbet-umm-elamud-synagogue,https://holy-land-photos.vercel.app/admin/collections/sections/481
50_IJNTKV08_400.jpg,Kidron Valley Tombs,kidron-valley-tombs,https://holy-land-photos.vercel.app/admin/collections/sections/50
531_Atlas241_400.jpg,Kidron Valley Views,kidron-valley-views,https://holy-land-photos.vercel.app/admin/collections/sections/531
458_Knidos03.jpg,Knidos (Cnidus; 3 Folders-29 Images),knidos-cnidus-3-folders-29-images,https://holy-land-photos.vercel.app/admin/collections/sections/458
459_TWCSKN01_400.jpg,Knidos Harbors 6 Images,knidos-harbors-6-images,https://holy-land-photos.vercel.app/admin/collections/sections/459
461_TWCSKNTH01_400.jpg,Knidos Site 11 Images,knidos-site-11-images,https://holy-land-photos.vercel.app/admin/collections/sections/461
231_KnossosMap031227.jpg,Knossos,knossos,https://holy-land-photos.vercel.app/admin/collections/sections/231
581_Konya.jpg,Konya Mevlana,konya-mevlana,https://holy-land-photos.vercel.app/admin/collections/sections/581
KorazinMap.jpg,Korazin/Chorazin Synagogue,korazinchorazin-synagogue,https://holy-land-photos.vercel.app/admin/collections/sections/312
KorazinMap.jpg,Korazin/Chorazin Village,korazinchorazin-village,https://holy-land-photos.vercel.app/admin/collections/sections/311
463_Lachish01.jpg,Lachish,lachish,https://holy-land-photos.vercel.app/admin/collections/sections/463
LaodiceaMap4.jpg,Laodicea,laodicea,https://holy-land-photos.vercel.app/admin/collections/sections/107
TCSALACB01(2).jpg,Laodicea Christian Structures,laodicea-christian-structures,https://holy-land-photos.vercel.app/admin/collections/sections/3773
598_TWSCLDRS04_400.jpg,Laodicea Temples,laodicea-temples,https://holy-land-photos.vercel.app/admin/collections/sections/598
211_LebanonMap031201.jpg,Lebanon,lebanon,https://holy-land-photos.vercel.app/admin/collections/sections/211
587_Letoon02.jpg,Letoön/Letoon,letoönletoon,https://holy-land-photos.vercel.app/admin/collections/sections/587
523_INLGNZ30_400.jpg,Life of Christ 205-215,life-of-christ-205-215,https://holy-land-photos.vercel.app/admin/collections/sections/523
590_Limyra-Bridge.jpg,Limyra Roman Bridge,limyra-roman-bridge,https://holy-land-photos.vercel.app/admin/collections/sections/590
LowerGalMap030817.jpg,Lower Galilee,lower-galilee,https://holy-land-photos.vercel.app/admin/collections/sections/36
LowerJordan.jpg,Lower Jordan River (3 images),lower-jordan-river-3-images,https://holy-land-photos.vercel.app/admin/collections/sections/102
183_TurqCoastmap031011.jpg,Lycia/Caria/Turquoise/Mediterranean Coast,lyciacariaturquoisemediterranean-coast,https://holy-land-photos.vercel.app/admin/collections/sections/183
Lystra02.jpg,Lystra,lystra,https://holy-land-photos.vercel.app/admin/collections/sections/57
MaaganShipwreck.jpg,Ma'agan Mikhael Shipwreck,maagan-mikhael-shipwreck,https://holy-land-photos.vercel.app/admin/collections/sections/3674
521_ICHMMG08_400.jpg,Maccabean Revolt 189–196,maccabean-revolt-189196,https://holy-land-photos.vercel.app/admin/collections/sections/521
217_MachaerusMap03124.jpg,Machaerus,machaerus,https://holy-land-photos.vercel.app/admin/collections/sections/217
199_MadabaMap0311031.jpg,Madaba,madaba,https://holy-land-photos.vercel.app/admin/collections/sections/199
Magdala.jpg,Magdala Site,magdala-site,https://holy-land-photos.vercel.app/admin/collections/sections/3609
580_sea_of_galilee01.jpg,Magdala Synagogue,magdala-synagogue,https://holy-land-photos.vercel.app/admin/collections/sections/580
Magnesia-Map04.jpg,Magnesia ad Maeandrum,magnesia-ad-maeandrum,https://holy-land-photos.vercel.app/admin/collections/sections/3751
Malta01.jpg,Malta,malta,https://holy-land-photos.vercel.app/admin/collections/sections/3653
558_Mamshit01.jpg,Mamshit,mamshit,https://holy-land-photos.vercel.app/admin/collections/sections/558
Mareshah Map03.jpg,Maresha - Marisa (Beth Guvrin),maresha-marisa-beth-guvrin,https://holy-land-photos.vercel.app/admin/collections/sections/3725
305_NorthPalaceMap040930.jpg,Masada Northern Palace,masada-northern-palace,https://holy-land-photos.vercel.app/admin/collections/sections/305
597_ICDSMSNP01_400.jpg,Masada Water Systems,masada-water-systems,https://holy-land-photos.vercel.app/admin/collections/sections/597
593_MasadaBath.jpg,Masada: Bath  Storerooms  and Headquarters,masada-bath-storerooms-and-headquarters,https://holy-land-photos.vercel.app/admin/collections/sections/593
22_MedCoast.jpg,Mediterranean Coast,mediterranean-coast,https://holy-land-photos.vercel.app/admin/collections/sections/22
MegiddoMap0305.jpg,Megiddo (Bronze Age),megiddo-bronze-age,https://holy-land-photos.vercel.app/admin/collections/sections/63
MegiddoMap0305.jpg,Megiddo (Israelite),megiddo-israelite,https://holy-land-photos.vercel.app/admin/collections/sections/126
603_Meteora.jpg,Meteora,meteora,https://holy-land-photos.vercel.app/admin/collections/sections/603
362_MBIIChannelMap19.jpg,Middle Bronze Age Channel,middle-bronze-age-channel,https://holy-land-photos.vercel.app/admin/collections/sections/362
299_MBIMap040912.jpg,Middle Bronze I Settlements,middle-bronze-i-settlements,https://holy-land-photos.vercel.app/admin/collections/sections/299
MidrasMap3.jpg,Midras (Rolling Stone Tomb),midras-rolling-stone-tomb,https://holy-land-photos.vercel.app/admin/collections/sections/72
MiletusMap3.jpg,Miletus (Balat),miletus-balat,https://holy-land-photos.vercel.app/admin/collections/sections/115
ICJRMDEH50(2).jpg,Model of NT Jerusalem (3 folders),model-of-nt-jerusalem-3-folders,https://holy-land-photos.vercel.app/admin/collections/sections/387
AthensGeneral030622.jpg,Modern Athens,modern-athens,https://holy-land-photos.vercel.app/admin/collections/sections/128
modiinsynagogue60001.jpg,Modiin,modiin,https://holy-land-photos.vercel.app/admin/collections/sections/3665
ITNAMUMO01.jpg,Mosaics,mosaics,https://holy-land-photos.vercel.app/admin/collections/sections/3669
471_IJNTMOMA01_400(1).jpg,Mosque of the Ascension 7 images,mosque-of-the-ascension-7-images,https://holy-land-photos.vercel.app/admin/collections/sections/471
MountCarmel.jpg,Mount Carmel,mount-carmel,https://holy-land-photos.vercel.app/admin/collections/sections/3709
440_SharonManasseh01.jpg,Mount Gerizim,mount-gerizim,https://holy-land-photos.vercel.app/admin/collections/sections/440
309_MBMAP041012.jpg,Mount of Beatitudes,mount-of-beatitudes,https://holy-land-photos.vercel.app/admin/collections/sections/309
451_IJNTMLGN30_400.jpg,Mount of Olives (5 folders),mount-of-olives-5-folders,https://holy-land-photos.vercel.app/admin/collections/sections/451
205_AHMMap031111.jpg,Museum of the Ancient Orient Istanbul,museum-of-the-ancient-orient-istanbul,https://holy-land-photos.vercel.app/admin/collections/sections/205
277_MycenaeMap040506.jpg,Mycenae 3 folders,mycenae-3-folders,https://holy-land-photos.vercel.app/admin/collections/sections/277
583_Mykonos.jpg,Mykonos,mykonos,https://holy-land-photos.vercel.app/admin/collections/sections/583
188_MyraChurchMap031015.jpg,Myra St. Nicholas Church 15 Images,myra-st-nicholas-church-15-images,https://holy-land-photos.vercel.app/admin/collections/sections/188
186_TWTQMYTH01_400.jpg,Myra Theater 19 Images,myra-theater-19-images,https://holy-land-photos.vercel.app/admin/collections/sections/186
187_MyraTombMap031013.jpg,Myra Tombs 7 Images,myra-tombs-7-images,https://holy-land-photos.vercel.app/admin/collections/sections/187
Jethro_Nabi_Shuayb_Map.jpg,Nabi Shu'ayb (Jethro - Druze),nabi-shuayb-jethro-druze,https://holy-land-photos.vercel.app/admin/collections/sections/2611
213_NeKalbMap031201.jpg,Nahr el-Kalb (2 folders),nahr-el-kalb-2-folders,https://holy-land-photos.vercel.app/admin/collections/sections/213
542_nain.jpg,Nain,nain,https://holy-land-photos.vercel.app/admin/collections/sections/542
410_MuseumSnowMap.jpg,National Archaeological Museum (3 folders),national-archaeological-museum-3-folders,https://holy-land-photos.vercel.app/admin/collections/sections/410
557_INLGNZ30_400.jpg,Nazareth Basilica of Annunciation Exterior,nazareth-basilica-of-annunciation-exterior,https://holy-land-photos.vercel.app/admin/collections/sections/557
182_INLGNZ30_400.jpg,Nazareth Basilica of Annunciation Interior,nazareth-basilica-of-annunciation-interior,https://holy-land-photos.vercel.app/admin/collections/sections/182
556_INLGNZ30_400.jpg,Nazareth the City,nazareth-the-city,https://holy-land-photos.vercel.app/admin/collections/sections/556
NeapolisMap.jpg,Neapolis (Kavala),neapolis-kavala,https://holy-land-photos.vercel.app/admin/collections/sections/119
256_NemrutDagiMap040301.jpg,Near Nemrut Dagi (9),near-nemrut-dagi-9,https://holy-land-photos.vercel.app/admin/collections/sections/256
Nebi-Musa-01.jpg,Nebi Musa,nebi-musa,https://holy-land-photos.vercel.app/admin/collections/sections/3727
NebiSamwil.jpg,Nebi Samwil,nebi-samwil,https://holy-land-photos.vercel.app/admin/collections/sections/2608
298_NegHighMap040912.jpg,Negev Highlands,negev-highlands,https://holy-land-photos.vercel.app/admin/collections/sections/298
NemeaMap030708.jpg,Nemea (3 folders),nemea-3-folders,https://holy-land-photos.vercel.app/admin/collections/sections/130
237_NemeaArtifactsMap.jpg,Nemea Artifacts,nemea-artifacts,https://holy-land-photos.vercel.app/admin/collections/sections/237
238_NemeaSiteMap.jpg,Nemea Site,nemea-site,https://holy-land-photos.vercel.app/admin/collections/sections/238
129_NemeaStadiumMap.jpg,Nemea Stadium,nemea-stadium,https://holy-land-photos.vercel.app/admin/collections/sections/129
255_NemrutDagiMap040301.jpg,Nemrut Dagi (25),nemrut-dagi-25,https://holy-land-photos.vercel.app/admin/collections/sections/255
IznikNiceaMap.jpg,Nicea/Iznik,niceaiznik,https://holy-land-photos.vercel.app/admin/collections/sections/3746
NorthIsraelMap2.jpg,North,north,https://holy-land-photos.vercel.app/admin/collections/sections/5
207_JordanNorth031204.jpg,North,north-207,https://holy-land-photos.vercel.app/admin/collections/sections/207
212_LebNorth031201.jpg,North,north-212,https://holy-land-photos.vercel.app/admin/collections/sections/212
391_NorthCentralMap01.jpg,North Central Turkey,north-central-turkey,https://holy-land-photos.vercel.app/admin/collections/sections/391
WesternTurkeyMap3.jpg,Northern Aegean,northern-aegean,https://holy-land-photos.vercel.app/admin/collections/sections/20
Nysa.jpg,Nysa,nysa,https://holy-land-photos.vercel.app/admin/collections/sections/3724
244_OdeionMap040209.jpg,Odeion of Herodes Atticus,odeion-of-herodes-atticus,https://holy-land-photos.vercel.app/admin/collections/sections/244
378_AvigadMap.jpg,Old City Antiquities (3 folders),old-city-antiquities-3-folders,https://holy-land-photos.vercel.app/admin/collections/sections/378
old-city-roof-tops.jpg,Old City Views,old-city-views,https://holy-land-photos.vercel.app/admin/collections/sections/3610
181_OliveMap030925.jpg,Olives and Processing,olives-and-processing,https://holy-land-photos.vercel.app/admin/collections/sections/181
OlympiaMap030715.jpg,Olympia (5 folders),olympia-5-folders,https://holy-land-photos.vercel.app/admin/collections/sections/132
OlympiaMuseumMap030818.jpg,Olympia Museum,olympia-museum,https://holy-land-photos.vercel.app/admin/collections/sections/135
281_OlympiaPottery040718.jpg,Olympia Museum Pottery,olympia-museum-pottery,https://holy-land-photos.vercel.app/admin/collections/sections/281
236_OlympiaSiteMap.jpg,Olympia Site,olympia-site,https://holy-land-photos.vercel.app/admin/collections/sections/236
131_OlympiaStadiumMap.jpg,Olympia Stadium,olympia-stadium,https://holy-land-photos.vercel.app/admin/collections/sections/131
282_TempleZeusMap040727.jpg,Olympia Temple of Zeus,olympia-temple-of-zeus,https://holy-land-photos.vercel.app/admin/collections/sections/282
191_PhaselisMap031025.jpg,Olympus/Olympos,olympusolympos,https://holy-land-photos.vercel.app/admin/collections/sections/3790
Omrit 2.jpg,Omrit,omrit,https://holy-land-photos.vercel.app/admin/collections/sections/449
Ostia.jpg,Ostia Commercial Structures,ostia-commercial-structures,https://holy-land-photos.vercel.app/admin/collections/sections/3635
Ostia.jpg,Ostia Public Structures,ostia-public-structures,https://holy-land-photos.vercel.app/admin/collections/sections/3638
Ostia.jpg,Ostia Religious Structures,ostia-religious-structures,https://holy-land-photos.vercel.app/admin/collections/sections/3639
Paestum.jpg,Paestum,paestum,https://holy-land-photos.vercel.app/admin/collections/sections/3700
473_IJNTMZSP01_400.jpg,Palace of Caiaphas? St. Peter in Gallicantu,palace-of-caiaphas-st-peter-in-gallicantu,https://holy-land-photos.vercel.app/admin/collections/sections/473
455_PPS0705_400.jpg,Palm Sunday Procession,palm-sunday-procession,https://holy-land-photos.vercel.app/admin/collections/sections/455
421_DiagofPaphos04.jpg,Paphos Harbor,paphos-harbor,https://holy-land-photos.vercel.app/admin/collections/sections/421
422_HouseAionMap01.jpg,Paphos House of Aion Mosaics,paphos-house-of-aion-mosaics,https://holy-land-photos.vercel.app/admin/collections/sections/422
425_MapHouseofTheseus01.jpg,Paphos House of Theseus,paphos-house-of-theseus,https://holy-land-photos.vercel.app/admin/collections/sections/425
420_Paphos01.jpg,Paphos Introduction Map,paphos-introduction-map,https://holy-land-photos.vercel.app/admin/collections/sections/420
241_ParthenonMap040226.jpg,Parthenon,parthenon,https://holy-land-photos.vercel.app/admin/collections/sections/241
189_PataraMap031017.jpg,Patara,patara,https://holy-land-photos.vercel.app/admin/collections/sections/189
429_TWTQPTLH02_400.jpg,Patara Lighthouse and Granary,patara-lighthouse-and-granary,https://holy-land-photos.vercel.app/admin/collections/sections/429
585_TWTQPTN03_400.jpg,Patara Theater & Bouleuterion,patara-theater-bouleuterion,https://holy-land-photos.vercel.app/admin/collections/sections/585
368_KastelliMap1.jpg,Patmos Acropolis (Kastelli),patmos-acropolis-kastelli,https://holy-land-photos.vercel.app/admin/collections/sections/368
376_PatmosChurchMap.jpg,Patmos Monastery Church,patmos-monastery-church,https://holy-land-photos.vercel.app/admin/collections/sections/376
harbor-overview.jpg,Patmos: Harbor/Skala,patmos-harborskala,https://holy-land-photos.vercel.app/admin/collections/sections/370
PatmosMonasteryExterior.jpg,Patmos: Monastery of Saint John,patmos-monastery-of-saint-john,https://holy-land-photos.vercel.app/admin/collections/sections/372
369_PatmosMap1.jpg,Patmos: Views of Island,patmos-views-of-island,https://holy-land-photos.vercel.app/admin/collections/sections/369
507_ICSHGZ14_400.jpg,Patriarchs and Egyptian Sojourn 89-99,patriarchs-and-egyptian-sojourn-89-99,https://holy-land-photos.vercel.app/admin/collections/sections/507
ViaEgnatia01.jpg,Pekin on Via Egnatia,pekin-on-via-egnatia,https://holy-land-photos.vercel.app/admin/collections/sections/3613
28_PelopMap040217.jpg,Peloponnese,peloponnese,https://holy-land-photos.vercel.app/admin/collections/sections/28
144_IFOP201406_400.jpg,People,people,https://holy-land-photos.vercel.app/admin/collections/sections/144
TCMCPEEA02(1).jpg,Perga Eastern Section,perga-eastern-section,https://holy-land-photos.vercel.app/admin/collections/sections/3711
PergeMap2.jpg,Perga Main Street Excavations,perga-main-street-excavations,https://holy-land-photos.vercel.app/admin/collections/sections/59
TombPlancia01.jpg,Perga Southern Excavations,perga-southern-excavations,https://holy-land-photos.vercel.app/admin/collections/sections/3702
600_TCMCPENE03_400.jpg,Perga Western Excavations,perga-western-excavations,https://holy-land-photos.vercel.app/admin/collections/sections/600
PergamumWarrior.jpg,Pergamum: (Bergama) Artifacts,pergamum-bergama-artifacts,https://holy-land-photos.vercel.app/admin/collections/sections/110
PergamumMap.jpg,Pergamum: Acropolis,pergamum-acropolis,https://holy-land-photos.vercel.app/admin/collections/sections/111
PergamumAsclepiusMap.jpg,Pergamum: Asclepion,pergamum-asclepion,https://holy-land-photos.vercel.app/admin/collections/sections/109
RedBasilicaMap.jpg,Pergamum: Lower Level and Red Basilica,pergamum-lower-level-and-red-basilica,https://holy-land-photos.vercel.app/admin/collections/sections/112
JOSOPEQB02(1).jpg,Petra Qasr al-Bint,petra-qasr-al-bint,https://holy-land-photos.vercel.app/admin/collections/sections/3764
Petra-Map.jpg,Petra Treasury and Monastery,petra-treasury-and-monastery,https://holy-land-photos.vercel.app/admin/collections/sections/3611
191_PhaselisMap031025.jpg,Phaselis,phaselis,https://holy-land-photos.vercel.app/admin/collections/sections/191
PhiladelphiaMap2.jpg,Philadelphia,philadelphia,https://holy-land-photos.vercel.app/admin/collections/sections/81
332_GNMTPP60_400.jpg,Philippi Baptismal Site,philippi-baptismal-site,https://holy-land-photos.vercel.app/admin/collections/sections/332
329_PhilippiMap041117.jpg,Philippi Introduction,philippi-introduction,https://holy-land-photos.vercel.app/admin/collections/sections/329
331_GNMTPP66_400.jpg,Philippi North,philippi-north,https://holy-land-photos.vercel.app/admin/collections/sections/331
330_SouthPhilippiMap041118.jpg,Philippi South,philippi-south,https://holy-land-photos.vercel.app/admin/collections/sections/330
353_PhilistinePlainMap1.jpg,Philistine Plain,philistine-plain,https://holy-land-photos.vercel.app/admin/collections/sections/353
591_GAAPIMU04_400.jpg,Piraeus Archaeological Museum,piraeus-archaeological-museum,https://holy-land-photos.vercel.app/admin/collections/sections/591
PisidianAntiochMap3.jpg,Pisidian Antioch,pisidian-antioch,https://holy-land-photos.vercel.app/admin/collections/sections/60
SergiusPaulus.jpg,Pisidian Antioch Artifacts,pisidian-antioch-artifacts,https://holy-land-photos.vercel.app/admin/collections/sections/96
PisidianAntioch-Temple04.jpg,Pisidian Antioch Temple  Forum  Theater,pisidian-antioch-temple-forum-theater,https://holy-land-photos.vercel.app/admin/collections/sections/3740
139_DailyLife041104.jpg,Plants,plants,https://holy-land-photos.vercel.app/admin/collections/sections/139
04House_of_the_Faun_Plan.jpg,Pompeii House of the Faun,pompeii-house-of-the-faun,https://holy-land-photos.vercel.app/admin/collections/sections/3668
595_Pompeii.jpg,Pompeii Public Structures and Mount Vesuvius,pompeii-public-structures-and-mount-vesuvius,https://holy-land-photos.vercel.app/admin/collections/sections/595
PompeiiIsisTemple01.jpg,Pompeii Temple of Isis,pompeii-temple-of-isis,https://holy-land-photos.vercel.app/admin/collections/sections/3704
360_NTSiloamMap050810.jpg,Pool of Siloam and Valley Street,pool-of-siloam-and-valley-street,https://holy-land-photos.vercel.app/admin/collections/sections/360
Bethesda-500.jpg,Pools of Bethesda,pools-of-bethesda,https://holy-land-photos.vercel.app/admin/collections/sections/398
506_INJVMG04_400.jpg,Pre-Patriarchal Period 82-88,pre-patriarchal-period-82-88,https://holy-land-photos.vercel.app/admin/collections/sections/506
PrieneMap030809.jpg,Priene General,priene-general,https://holy-land-photos.vercel.app/admin/collections/sections/133
179_PrieneTAthenaMap030926.jpg,Priene Religious Buildings,priene-religious-buildings,https://holy-land-photos.vercel.app/admin/collections/sections/179
Pompeii.jpg,Puteoli,puteoli,https://holy-land-photos.vercel.app/admin/collections/sections/3679
210_QasrMap031117.jpg,Qasr al-Abd (Palace),qasr-al-abd-palace,https://holy-land-photos.vercel.app/admin/collections/sections/210
537_Qasr-el-Yahud.jpg,Qasr el-Yahud (Baptismal Site),qasr-el-yahud-baptismal-site,https://holy-land-photos.vercel.app/admin/collections/sections/537
177_QumranMap030928.jpg,Qumran,qumran,https://holy-land-photos.vercel.app/admin/collections/sections/177
48_WilsonArch.jpg,Rabbinic Tunnels,rabbinic-tunnels,https://holy-land-photos.vercel.app/admin/collections/sections/48
395_RamatRachelMap01.jpg,Ramat Rachel,ramat-rachel,https://holy-land-photos.vercel.app/admin/collections/sections/395
594_IFOP201403_400.jpg,Recent Adult Trips to Turkey and Greece,recent-adult-trips-to-turkey-and-greece,https://holy-land-photos.vercel.app/admin/collections/sections/594
497_AmmanToZered01.jpg,Regional Views,regional-views,https://holy-land-photos.vercel.app/admin/collections/sections/497
173_RehobothMap030925.jpg,Rehoboth,rehoboth,https://holy-land-photos.vercel.app/admin/collections/sections/173
300_ReligionMap050506.jpg,Religion,religion,https://holy-land-photos.vercel.app/admin/collections/sections/300
Rhegio55001.jpg,Rhegium,rhegium,https://holy-land-photos.vercel.app/admin/collections/sections/3692
426_TimnaMap01.jpg,Rift Valley South,rift-valley-south,https://holy-land-photos.vercel.app/admin/collections/sections/426
215_KalbRiver031201.jpg,River/Wadi,riverwadi,https://holy-land-photos.vercel.app/admin/collections/sections/215
161_R&T040909.jpg,Roads & Transportation,roads-transportation,https://holy-land-photos.vercel.app/admin/collections/sections/161
162_RomanRoadMap.jpg,Roman Roads,roman-roads,https://holy-land-photos.vercel.app/admin/collections/sections/162
Sarikaya.jpg,Roman Thermal Bath at Sarikaya,roman-thermal-bath-at-sarikaya,https://holy-land-photos.vercel.app/admin/collections/sections/3783
270_RomeMap040411.jpg,Rome 13 Folders,rome-13-folders,https://holy-land-photos.vercel.app/admin/collections/sections/270
460_TWCSKNRT02_400.jpg,Round Temple 12 Images,round-temple-12-images,https://holy-land-photos.vercel.app/admin/collections/sections/460
BurdurSagalassos.jpg,Sagalassos Artifacts/Burdur,sagalassos-artifactsburdur,https://holy-land-photos.vercel.app/admin/collections/sections/3748
TTXCSGLC099.jpg,Sagalassos Lower City,sagalassos-lower-city,https://holy-land-photos.vercel.app/admin/collections/sections/3749
571_SagUpAgora.jpg,Sagalassos Upper Agora,sagalassos-upper-agora,https://holy-land-photos.vercel.app/admin/collections/sections/571
570_Sagalassos.jpg,Sagalassos Upper City,sagalassos-upper-city,https://holy-land-photos.vercel.app/admin/collections/sections/570
397_AnneChurchMap.jpg,Saint Anne's Church (10),saint-annes-church-10,https://holy-land-photos.vercel.app/admin/collections/sections/397
472_IJCHSM04_400.jpg,Saint Mark's Syrian Orthodox Church,saint-marks-syrian-orthodox-church,https://holy-land-photos.vercel.app/admin/collections/sections/472
SalamisCyprus.jpg,Salamis Cyprus,salamis-cyprus,https://holy-land-photos.vercel.app/admin/collections/sections/3713
475_Samaria-01.jpg,Samaria/Sebaste,samariasebaste,https://holy-land-photos.vercel.app/admin/collections/sections/475
584_Samos01.jpg,Samos,samos,https://holy-land-photos.vercel.app/admin/collections/sections/584
582_Samothrace.jpg,Samothrace,samothrace,https://holy-land-photos.vercel.app/admin/collections/sections/582
514_ICDSEG04_400.jpg,Samuel and Saul 131-137,samuel-and-saul-131-137,https://holy-land-photos.vercel.app/admin/collections/sections/514
407_SanctMap.jpg,Sanctuary,sanctuary,https://holy-land-photos.vercel.app/admin/collections/sections/407
Sanliurfa.jpg,Sanliurfa,sanliurfa,https://holy-land-photos.vercel.app/admin/collections/sections/68
336_ArchMusIstan01.jpg,Sarcophagi Archaeology Museum Istanbul,sarcophagi-archaeology-museum-istanbul,https://holy-land-photos.vercel.app/admin/collections/sections/336
SardisMap2.jpg,Sardis Synagoge Gymnasium,sardis-synagoge-gymnasium,https://holy-land-photos.vercel.app/admin/collections/sections/83
SeaGalileeMap2.jpg,Sea of Galilee 19 folders,sea-of-galilee-19-folders,https://holy-land-photos.vercel.app/admin/collections/sections/14
346_SeleuciaPMap050323.jpg,Seleucia Pieria,seleucia-pieria,https://holy-land-photos.vercel.app/admin/collections/sections/346
Sepphoris_350.jpg,Sepphoris Citadel,sepphoris-citadel,https://holy-land-photos.vercel.app/admin/collections/sections/342
341_LisaHead050225.jpg,Sepphoris Roman Villa Mosaics,sepphoris-roman-villa-mosaics,https://holy-land-photos.vercel.app/admin/collections/sections/341
468_INLGSPSY01_400.jpg,Sepphoris Synagogue Mosaics,sepphoris-synagogue-mosaics,https://holy-land-photos.vercel.app/admin/collections/sections/468
279_MycenaeCitadelMap.jpg,Setting,setting,https://holy-land-photos.vercel.app/admin/collections/sections/279
513_Atlas127_400.jpg,Settlement in Canaan 113-130,settlement-in-canaan-113-130,https://holy-land-photos.vercel.app/admin/collections/sections/513
527_TWCSEP32_400.jpg,Seven Churches 235-239,seven-churches-235-239,https://holy-land-photos.vercel.app/admin/collections/sections/527
16_SharonPlain01.jpg,Sharon Plain (12 folders),sharon-plain-12-folders,https://holy-land-photos.vercel.app/admin/collections/sections/16
442_DLSSSS21_400.jpg,Shearing Sheep,shearing-sheep,https://holy-land-photos.vercel.app/admin/collections/sections/442
477_Shechem-02.jpg,Shechem,shechem,https://holy-land-photos.vercel.app/admin/collections/sections/477
163_ShepherdingMap040913.jpg,Sheep & Shepherding,sheep-shepherding,https://holy-land-photos.vercel.app/admin/collections/sections/163
Shephelah.jpg,Shephelah,shephelah,https://holy-land-photos.vercel.app/admin/collections/sections/27
164_SheepMap.jpg,Shepherding,shepherding,https://holy-land-photos.vercel.app/admin/collections/sections/164
540_Shiloh.jpg,Shiloh,shiloh,https://holy-land-photos.vercel.app/admin/collections/sections/540
541_ICHESHBA01_400.jpg,Shiloh Basilica,shiloh-basilica,https://holy-land-photos.vercel.app/admin/collections/sections/541
543_ICHESHWL01_400.jpg,Shiloh Weli/Church,shiloh-welichurch,https://holy-land-photos.vercel.app/admin/collections/sections/543
606_penteconter-1.jpg,Ships and Boats,ships-and-boats,https://holy-land-photos.vercel.app/admin/collections/sections/606
NegevShivta.jpg,Shivta/Soubaita,shivtasoubaita,https://holy-land-photos.vercel.app/admin/collections/sections/3717
SilwanVillage.jpg,Silwan OT Tombs,silwan-ot-tombs,https://holy-land-photos.vercel.app/admin/collections/sections/91
511_Sinai10.jpg,Sinai Peninsula,sinai-peninsula,https://holy-land-photos.vercel.app/admin/collections/sections/511
577_Sinope.jpg,Sinope,sinope,https://holy-land-photos.vercel.app/admin/collections/sections/577
576_SinopeMuseum500-01.jpg,Sinope Museum,sinope-museum,https://holy-land-photos.vercel.app/admin/collections/sections/576
201_SmallPlants041104.jpg,Small Plants,small-plants,https://holy-land-photos.vercel.app/admin/collections/sections/201
SmyrnaArtifacts1.jpg,Smyrna Artifacts,smyrna-artifacts,https://holy-land-photos.vercel.app/admin/collections/sections/108
SmyrnaMap.jpg,Smyrna/Izmir,smyrnaizmir,https://holy-land-photos.vercel.app/admin/collections/sections/106
IsraelSouth.jpg,South,south,https://holy-land-photos.vercel.app/admin/collections/sections/9
21_MedCoast02.jpg,South Central Turkey 11 folders,south-central-turkey-11-folders,https://holy-land-photos.vercel.app/admin/collections/sections/21
220_MapSTheater031209.jpg,South Theater,south-theater,https://holy-land-photos.vercel.app/admin/collections/sections/220
495_South-01.jpg,South/Edom 2 Folders,southedom-2-folders,https://holy-land-photos.vercel.app/admin/collections/sections/495
242_SouthSlopeMap040209.jpg,Southern Slope (3 folders),southern-slope-3-folders,https://holy-land-photos.vercel.app/admin/collections/sections/242
54_IJNTSW01_400.jpg,Southern Wall Excavations,southern-wall-excavations,https://holy-land-photos.vercel.app/admin/collections/sections/54
SowersCove1.jpg,Sower's Cove,sowers-cove,https://holy-land-photos.vercel.app/admin/collections/sections/75
601_IHLS196701_400.jpg,Spring 1967 at Institute of Holy Land Studies,spring-1967-at-institute-of-holy-land-studies,https://holy-land-photos.vercel.app/admin/collections/sections/601
444_EnHarodMap.jpg,Spring of Harod,spring-of-harod,https://holy-land-photos.vercel.app/admin/collections/sections/444
200_MadabaChurch031110.jpg,St. George's Church,st-georges-church,https://holy-land-photos.vercel.app/admin/collections/sections/200
357_MarysChurchMap.jpg,St. Mary's Church,st-marys-church,https://holy-land-photos.vercel.app/admin/collections/sections/357
HerculesFarnese01.jpg,Statues,statues-3678,https://holy-land-photos.vercel.app/admin/collections/sections/3678
549_TCMCPE19_400.jpg,Statues of Deities Archaeology Museum Istanbul,statues-of-deities-archaeology-museum-istanbul,https://holy-land-photos.vercel.app/admin/collections/sections/549
338_EphebosMap050417.jpg,Statues of People Archaeology Museum Istanbul,statues-of-people-archaeology-museum-istanbul,https://holy-land-photos.vercel.app/admin/collections/sections/338
245_SSStructuresMap040210.jpg,Structures,structures,https://holy-land-photos.vercel.app/admin/collections/sections/245
suleiman-mosque-sm-.jpg,Süleymaniye Complex Istanbul,süleymaniye-complex-istanbul,https://holy-land-photos.vercel.app/admin/collections/sections/3618
437_SusitaMap02.jpg,Sussita/Hippos,sussitahippos,https://holy-land-photos.vercel.app/admin/collections/sections/437
544_INSGSF01_400.jpg,Swiss Forest - Views,swiss-forest-views,https://holy-land-photos.vercel.app/admin/collections/sections/544
439_SycharMap01.jpg,Sychar/Jacob's Well,sycharjacobs-well,https://holy-land-photos.vercel.app/admin/collections/sections/439
syracuse.jpg,Syracuse Sicily,syracuse-sicily,https://holy-land-photos.vercel.app/admin/collections/sections/3680
503_SYKD01_400.jpg,Syria,syria,https://holy-land-photos.vercel.app/admin/collections/sections/503
325_SyrianChapelMap.jpg,Syrian Chapel 3,syrian-chapel-3,https://holy-land-photos.vercel.app/admin/collections/sections/325
301_TabernacleMap040914.jpg,Tabernacle,tabernacle,https://holy-land-photos.vercel.app/admin/collections/sections/301
335_TabghaMap050201.jpg,Tabgha,tabgha,https://holy-land-photos.vercel.app/admin/collections/sections/335
TarsusMap3.jpg,Tarsus,tarsus,https://holy-land-photos.vercel.app/admin/collections/sections/69
377_IMG_2186b_400.jpg,Tarsus (Roman Temple),tarsus-roman-temple,https://holy-land-photos.vercel.app/admin/collections/sections/377
HesiMap.jpg,Tell el–Hesi,tell-elhesi,https://holy-land-photos.vercel.app/admin/collections/sections/3617
604_Jemmeh.jpg,Tell Jemmeh,tell-jemmeh,https://holy-land-photos.vercel.app/admin/collections/sections/604
563_Tayinat.jpg,Tell Tayinat,tell-tayinat,https://holy-land-photos.vercel.app/admin/collections/sections/563
428_ISRVTMTP14_400.jpg,Temple,temple,https://holy-land-photos.vercel.app/admin/collections/sections/428
313_TempleMountMAP041026.jpg,Temple Mount Platform/Haram - 6 folders,temple-mount-platformharam-6-folders,https://holy-land-photos.vercel.app/admin/collections/sections/313
393_AugustusMap01.jpg,Temple of Augustus,temple-of-augustus,https://holy-land-photos.vercel.app/admin/collections/sections/393
254_HeraclesMap040216.jpg,Temple of Heracles,temple-of-heracles,https://holy-land-photos.vercel.app/admin/collections/sections/254
483_GSATTZ04_400.jpg,Temple of Zeus,temple-of-zeus,https://holy-land-photos.vercel.app/admin/collections/sections/483
351_CitadelMap050509.jpg,The Citadel,the-citadel,https://holy-land-photos.vercel.app/admin/collections/sections/351
275_EpidaurusTheaterMap.jpg,Theater,theater,https://holy-land-photos.vercel.app/admin/collections/sections/275
400_GadaraTheatMap01.jpg,Theater,theater-400,https://holy-land-photos.vercel.app/admin/collections/sections/400
243_TheaDionysusMap1.jpg,Theater of Dionysus,theater-of-dionysus,https://holy-land-photos.vercel.app/admin/collections/sections/243
416_ThermopylaeMap01.jpg,Thermopylae,thermopylae,https://holy-land-photos.vercel.app/admin/collections/sections/416
285_GNMTTHCT05_400.jpg,Thessalonica City,thessalonica-city,https://holy-land-photos.vercel.app/admin/collections/sections/285
forum-agora-1.jpg,Thessalonica Forum/Agora,thessalonica-forumagora,https://holy-land-photos.vercel.app/admin/collections/sections/284
283_ThessalonicaMap4.jpg,Thessalonica Introduction,thessalonica-introduction,https://holy-land-photos.vercel.app/admin/collections/sections/283
287_VladatonMap040824.jpg,Thessalonica Monastery of Vlatadon,thessalonica-monastery-of-vlatadon,https://holy-land-photos.vercel.app/admin/collections/sections/287
286_DemetMap040818.jpg,Thessalonica St. Demetrius Church,thessalonica-st-demetrius-church,https://holy-land-photos.vercel.app/admin/collections/sections/286
ThyatiraMap2.jpg,Thyatira,thyatira,https://holy-land-photos.vercel.app/admin/collections/sections/82
TiberiasMap01.jpg,Tiberias,tiberias,https://holy-land-photos.vercel.app/admin/collections/sections/547
TiberiasMap01.jpg,Tiberias Gate & Theater,tiberias-gate-theater,https://holy-land-photos.vercel.app/admin/collections/sections/545
427_TimnaMap01.jpg,Timna,timna,https://holy-land-photos.vercel.app/admin/collections/sections/427
553_TombAnnas.jpg,Tomb of Annas,tomb-of-annas,https://holy-land-photos.vercel.app/admin/collections/sections/553
TombofGrapes.jpg,Tomb of Grapes,tomb-of-grapes,https://holy-land-photos.vercel.app/admin/collections/sections/101
324_IJNTHSTM01_400.jpg,Tomb of Jesus 11 images,tomb-of-jesus-11-images,https://holy-land-photos.vercel.app/admin/collections/sections/324
EcoleBibliqueTomb.jpg,Tombs OT (First Temple),tombs-ot-first-temple,https://holy-land-photos.vercel.app/admin/collections/sections/94
417_HamsinMap01.jpg,Transition Seasons (Hamsin),transition-seasons-hamsin,https://holy-land-photos.vercel.app/admin/collections/sections/417
140_AlmondTree040909.jpg,Trees,trees,https://holy-land-photos.vercel.app/admin/collections/sections/140
TroyMuseum01.jpg,Troy Museum,troy-museum,https://holy-land-photos.vercel.app/admin/collections/sections/3703
TumulusMap.jpg,Tumuli,tumuli,https://holy-land-photos.vercel.app/admin/collections/sections/118
TurkeyWCE.jpg,Turkey,turkey,https://holy-land-photos.vercel.app/admin/collections/sections/3
457_IJNTST01_400.jpg,Tyropoeon (Central Valley) Street,tyropoeon-central-valley-street,https://holy-land-photos.vercel.app/admin/collections/sections/457
478_Qanatir.jpg,Umm el-Qanatir,umm-el-qanatir,https://holy-land-photos.vercel.app/admin/collections/sections/478
399_GadaraMap.jpg,Umm Qeis/Gadara (4 folders),umm-qeisgadara-4-folders,https://holy-land-photos.vercel.app/admin/collections/sections/399
447_UpperGalileeMap.jpg,Upper Galilee,upper-galilee,https://holy-land-photos.vercel.app/admin/collections/sections/447
320_MountZionMap041028.jpg,Upper Room Mt. Zion,upper-room-mt-zion,https://holy-land-photos.vercel.app/admin/collections/sections/320
435_ValleyElah.jpg,Valley of Elah,valley-of-elah,https://holy-land-photos.vercel.app/admin/collections/sections/435
411_WreathMap.jpg,Various Objects,various-objects,https://holy-land-photos.vercel.app/admin/collections/sections/411
ViaDolorosaMap.jpg,Via Dolorosa,via-dolorosa,https://holy-land-photos.vercel.app/admin/collections/sections/114
ViaEgnatiaMap.jpg,Via Egnatia,via-egnatia,https://holy-land-photos.vercel.app/admin/collections/sections/124
466_Shephelah.jpg,Views,views,https://holy-land-photos.vercel.app/admin/collections/sections/466
469_BiblicalNegev02.jpg,Views,views-469,https://holy-land-photos.vercel.app/admin/collections/sections/469
491_Atlas16_400.jpg,Views,views-491,https://holy-land-photos.vercel.app/admin/collections/sections/491
LowerGalMap.jpg,Views,views-2610,https://holy-land-photos.vercel.app/admin/collections/sections/2610
501_AtlasA67_400.jpg,Views of Egypt (9 images),views-of-egypt-9-images,https://holy-land-photos.vercel.app/admin/collections/sections/501
424_HCEphraimMap10.jpg,Views of Ephraim,views-of-ephraim,https://holy-land-photos.vercel.app/admin/collections/sections/424
465_NegevHighlands.jpg,Views of Negev Highlands,views-of-negev-highlands,https://holy-land-photos.vercel.app/admin/collections/sections/465
SGViewsMap2.jpg,Views of Sea of Galilee,views-of-sea-of-galilee,https://holy-land-photos.vercel.app/admin/collections/sections/49
436_SharonPlain01.jpg,Views of Sharon Plain,views-of-sharon-plain,https://holy-land-photos.vercel.app/admin/collections/sections/436
356_ViewsSite050803.jpg,Views of Site,views-of-site,https://holy-land-photos.vercel.app/admin/collections/sections/356
482_GSATACVT01_400.jpg,Views to Acropolis,views-to-acropolis,https://holy-land-photos.vercel.app/admin/collections/sections/482
534_ICDSMSVS01_400.jpg,Views to and from Masada,views-to-and-from-masada,https://holy-land-photos.vercel.app/admin/collections/sections/534
168_GrapesMap.jpg,Vines and Vineyards,vines-and-vineyards,https://holy-land-photos.vercel.app/admin/collections/sections/168
209_IEACavesMap031117.jpg,Wadi es–Sir and Caves,wadi-essir-and-caves,https://holy-land-photos.vercel.app/admin/collections/sections/209
496_South-01.jpg,Wadi Ram/Rum,wadi-ramrum,https://holy-land-photos.vercel.app/admin/collections/sections/496
WarrenJoab.jpg,Warren's Shaft,warrens-shaft,https://holy-land-photos.vercel.app/admin/collections/sections/99
366_WarrensShaftMap.jpg,Warren's Shaft,warrens-shaft-366,https://holy-land-photos.vercel.app/admin/collections/sections/366
359_TempWaterSystem.jpg,Water Systems (7 folders),water-systems-7-folders,https://holy-land-photos.vercel.app/admin/collections/sections/359
ritmeyer-s-line.jpg,West,west,https://holy-land-photos.vercel.app/admin/collections/sections/316
KiriathJearim.jpg,Western Benjamin,western-benjamin,https://holy-land-photos.vercel.app/admin/collections/sections/3633
389_WestHillMap.jpg,Western Hill,western-hill,https://holy-land-photos.vercel.app/admin/collections/sections/389
WesternTurkeyMap3.jpg,Western Turkey,western-turkey,https://holy-land-photos.vercel.app/admin/collections/sections/7
45_IJWW02_400.jpg,Western Wall,western-wall,https://holy-land-photos.vercel.app/admin/collections/sections/45
154_WheatMap.jpg,Wheat,wheat,https://holy-land-photos.vercel.app/admin/collections/sections/154
589_DLANWB01_400.jpg,Wild Boar,wild-boar,https://holy-land-photos.vercel.app/admin/collections/sections/589
WildernessJudahMap.jpg,Wilderness of Judah,wilderness-of-judah,https://holy-land-photos.vercel.app/admin/collections/sections/34
WildernessJudahMap.jpg,Wilderness of Judah Views,wilderness-of-judah-views,https://holy-land-photos.vercel.app/admin/collections/sections/92
160_WinterMap.jpg,Winter,winter,https://holy-land-photos.vercel.app/admin/collections/sections/160
586_TWTQXNBM02_400.jpg,Xanthos Monuments,xanthos-monuments,https://holy-land-photos.vercel.app/admin/collections/sections/586
190_a XanthosMap031009.jpg,Xanthos The Site,xanthos-the-site,https://holy-land-photos.vercel.app/admin/collections/sections/190
334_BoxCar041202.jpg,Yad Vashem,yad-vashem,https://holy-land-photos.vercel.app/admin/collections/sections/334
406_YazilikayMap01.jpg,Yazilikaya,yazilikaya,https://holy-land-photos.vercel.app/admin/collections/sections/406
YESEMEK03.jpg,Yesemek,yesemek,https://holy-land-photos.vercel.app/admin/collections/sections/3785
ZincirliMap.jpg,Zincirli (Sam'al),zincirli-samal,https://holy-land-photos.vercel.app/admin/collections/sections/564
